Country Name,"Country Code","Series Name","Series Code","2001 [YR2001]","2002 [YR2002]","2003 [YR2003]","2004 [YR2004]","2005 [YR2005]","2006 [YR2006]","2007 [YR2007]","2008 [YR2008]","2009 [YR2009]","2010 [YR2010]","2011 [YR2011]","2012 [YR2012]","2013 [YR2013]","2014 [YR2014]","2015 [YR2015]","2016 [YR2016]","2017 [YR2017]","2018 [YR2018]","2019 [YR2019]","2020 [YR2020]"
Afghanistan,"AFG","Labor force participation rate for ages 15-24, female (%) (modeled ILO estimate)","SL.TLF.ACTI.1524.FE.ZS","12.142","12.101","12.124","12.215","12.367","12.59","12.902","13.289","13.714","14.163","14.604","15.034","15.969","16.94","17.945","18.985","20.061","19.489","18.756","16.412"
Albania,"ALB","Labor force participation rate for ages 15-24, female (%) (modeled ILO estimate)","SL.TLF.ACTI.1524.FE.ZS","46.077","44.755","41.944","39.181","36.487","33.882","31.386","29.017","30.066","27.674","36.183","27.882","19.228","20.487","23.085","26.346","25.249","27.704","29.845","28.211"
Algeria,"DZA","Labor force participation rate for ages 15-24, female (%) (modeled ILO estimate)","SL.TLF.ACTI.1524.FE.ZS","12.191","11.64","11.111","10.603","10.116","9.648","9.2","8.771","8.36","8.93","8.836","8.743","8.651","8.56","8.8","7.998","7.964","7.935","7.912","6.89"
American Samoa,"ASM","Labor force participation rate for ages 15-24, female (%) (modeled ILO estimate)","SL.TLF.ACTI.1524.FE.ZS","NA","NA","NA","NA","NA","NA","NA","NA","NA","NA","NA","NA","NA","NA","NA","NA","NA","NA","NA","NA"
Andorra,"AND","Labor force participation rate for ages 15-24, female (%) (modeled ILO estimate)","SL.TLF.ACTI.1524.FE.ZS","NA","NA","NA","NA","NA","NA","NA","NA","NA","NA","NA","NA","NA","NA","NA","NA","NA","NA","NA","NA"
Angola,"AGO","Labor force participation rate for ages 15-24, female (%) (modeled ILO estimate)","SL.TLF.ACTI.1524.FE.ZS","59.373","59.231","59.13","59.011","58.899","58.823","58.756","58.728","58.764","58.786","57.343","56.949","56.551","56.148","55.741","55.331","54.918","54.502","54.083","50.81"
Antigua and Barbuda,"ATG","Labor force participation rate for ages 15-24, female (%) (modeled ILO estimate)","SL.TLF.ACTI.1524.FE.ZS","NA","NA","NA","NA","NA","NA","NA","NA","NA","NA","NA","NA","NA","NA","NA","NA","NA","NA","NA","NA"
Argentina,"ARG","Labor force participation rate for ages 15-24, female (%) (modeled ILO estimate)","SL.TLF.ACTI.1524.FE.ZS","39.939","39.674","39.767","39.858","36.95","38.446","36.769","35.112","34.217","32.577","32.089","31.587","31.075","30.599","30.751","30.91","31.068","32.547","32.119","27.772"
Armenia,"ARM","Labor force participation rate for ages 15-24, female (%) (modeled ILO estimate)","SL.TLF.ACTI.1524.FE.ZS","40.132","40.132","40.132","40.132","40.132","40.132","40.132","38.811","41.641","41.054","40.035","38.704","38.109","37.447","36.866","36.766","35.553","34.75","31.69","31.751"
Aruba,"ABW","Labor force participation rate for ages 15-24, female (%) (modeled ILO estimate)","SL.TLF.ACTI.1524.FE.ZS","NA","NA","NA","NA","NA","NA","NA","NA","NA","NA","NA","NA","NA","NA","NA","NA","NA","NA","NA","NA"
Australia,"AUS","Labor force participation rate for ages 15-24, female (%) (modeled ILO estimate)","SL.TLF.ACTI.1524.FE.ZS","69.064","68.223","69.008","69.073","69.566","69.486","69.689","69.471","67.729","67.19","67.468","66.778","66.258","66.237","66.706","66.358","66.353","67.556","67.533","65.916"
Austria,"AUT","Labor force participation rate for ages 15-24, female (%) (modeled ILO estimate)","SL.TLF.ACTI.1524.FE.ZS","50.147","51.011","49.742","53.167","54.391","54.372","56.289","56.426","56.49","54.229","55.058","55.563","55.446","55.625","54.307","54.788","53.872","54.038","52.69","53.196"
Azerbaijan,"AZE","Labor force participation rate for ages 15-24, female (%) (modeled ILO estimate)","SL.TLF.ACTI.1524.FE.ZS","51.96","51.204","48.892","44.221","46.081","43.93","37.26","33.81","37.78","41.67","36.921","32.412","33.743","34.615","36.261","39.222","41.175","43.068","42.852","45.583"
"Bahamas, The","BHS","Labor force participation rate for ages 15-24, female (%) (modeled ILO estimate)","SL.TLF.ACTI.1524.FE.ZS","51.945","52.145","52.346","52.546","52.746","52.946","53.146","53.346","53.546","53.746","53.946","54.145","54.345","54.544","54.743","54.942","55.141","55.339","55.538","49.147"
Bahrain,"BHR","Labor force participation rate for ages 15-24, female (%) (modeled ILO estimate)","SL.TLF.ACTI.1524.FE.ZS","28.374","28.874","29.379","29.89","29.228","28.574","27.93","27.294","26.667","26.05","23.41","24.468","25.557","26.678","27.83","27.661","27.513","27.467","27.485","26.097"
Bangladesh,"BGD","Labor force participation rate for ages 15-24, female (%) (modeled ILO estimate)","SL.TLF.ACTI.1524.FE.ZS","23.525","23.445","23.292","23.103","22.9","22.64","25.419","28.313","31.298","34.348","35.357","36.218","36.939","32.462","27.937","23.488","26.638","31.411","35.765","40.461"
Barbados,"BRB","Labor force participation rate for ages 15-24, female (%) (modeled ILO estimate)","SL.TLF.ACTI.1524.FE.ZS","55.382","54.702","54.02","51.67","51.353","51.036","50.719","50.402","50.084","49.767","49.45","42.47","41.82","46.1","37.981","42.956","39.471","40.49","41.947","40.072"
Belarus,"BLR","Labor force participation rate for ages 15-24, female (%) (modeled ILO estimate)","SL.TLF.ACTI.1524.FE.ZS","41.479","41.76","42.041","42.322","42.604","42.887","43.17","43.453","43.737","44.021","44.306","44.591","44.876","45.162","45.448","45.735","47.733","44.393","44.557","43.286"
Belgium,"BEL","Labor force participation rate for ages 15-24, female (%) (modeled ILO estimate)","SL.TLF.ACTI.1524.FE.ZS","29.956","30.24","28.814","32.155","32.328","31.935","31.56","30.776","29.929","29.766","29.783","27.906","28.245","28.078","27.117","26.153","25.449","27.746","29.45","26.527"
Belize,"BLZ","Labor force participation rate for ages 15-24, female (%) (modeled ILO estimate)","SL.TLF.ACTI.1524.FE.ZS","33.448","33.341","33.24","33.145","33.062","32.983","32.896","32.805","32.721","32.621","32.509","32.414","32.328","34.312","33.439","32.561","34.816","39.197","44.223","37.306"
Benin,"BEN","Labor force participation rate for ages 15-24, female (%) (modeled ILO estimate)","SL.TLF.ACTI.1524.FE.ZS","57.915","58.487","57.272","56.061","54.852","53.647","52.448","51.252","50.055","48.863","47.677","48.152","48.629","49.11","49.595","50.083","50.575","51.069","51.568","51.34"
Bermuda,"BMU","Labor force participation rate for ages 15-24, female (%) (modeled ILO estimate)","SL.TLF.ACTI.1524.FE.ZS","NA","NA","NA","NA","NA","NA","NA","NA","NA","NA","NA","NA","NA","NA","NA","NA","NA","NA","NA","NA"
Bhutan,"BTN","Labor force participation rate for ages 15-24, female (%) (modeled ILO estimate)","SL.TLF.ACTI.1524.FE.ZS","47.178","48.143","49.218","50.404","51.446","52.15","52.699","53.142","53.374","40.161","40.599","36.506","31.364","28.547","30.791","28.772","26.798","24.875","27.673","28.734"
Bolivia,"BOL","Labor force participation rate for ages 15-24, female (%) (modeled ILO estimate)","SL.TLF.ACTI.1524.FE.ZS","44.005","43.525","43.039","42.555","42.075","41.598","41.125","40.656","40.19","39.725","39.263","38.802","38.341","37.88","37.419","36.96","38.218","44.228","47.455","49.142"
Bosnia and Herzegovina,"BIH","Labor force participation rate for ages 15-24, female (%) (modeled ILO estimate)","SL.TLF.ACTI.1524.FE.ZS","26.592","25.93","25.408","24.898","24.376","23.754","23.261","22.942","23.072","22.63","22.646","22.47","22.184","22.113","22.13","22.077","21.813","21.674","21.443","20.802"
Botswana,"BWA","Labor force participation rate for ages 15-24, female (%) (modeled ILO estimate)","SL.TLF.ACTI.1524.FE.ZS","36.506","36.673","36.84","37.008","37.175","37.343","36.765","36.191","35.621","34.69","34.339","33.99","33.642","33.296","32.952","32.61","32.27","31.932","31.595","31.917"
Brazil,"BRA","Labor force participation rate for ages 15-24, female (%) (modeled ILO estimate)","SL.TLF.ACTI.1524.FE.ZS","50.347","52.439","52.114","53.528","55.219","53.946","54.025","53.356","53.17","51.343","49.512","48.559","47.529","47.015","47.053","48.091","49.396","49.437","50.749","44.513"
British Virgin Islands,"VGB","Labor force participation rate for ages 15-24, female (%) (modeled ILO estimate)","SL.TLF.ACTI.1524.FE.ZS","NA","NA","NA","NA","NA","NA","NA","NA","NA","NA","NA","NA","NA","NA","NA","NA","NA","NA","NA","NA"
Brunei Darussalam,"BRN","Labor force participation rate for ages 15-24, female (%) (modeled ILO estimate)","SL.TLF.ACTI.1524.FE.ZS","44.89","44.282","43.675","43.071","42.468","41.868","41.27","40.674","40.082","39.492","38.905","38.321","37.741","37.165","36.592","36.022","35.457","35.272","31.503","31.208"
Bulgaria,"BGR","Labor force participation rate for ages 15-24, female (%) (modeled ILO estimate)","SL.TLF.ACTI.1524.FE.ZS","32.565","28.597","25.694","25.629","24.533","26.361","25.959","26.079","24.815","26.591","24.813","25.311","24.698","22.65","21.169","19.558","21.836","19.305","20.082","18.168"
Burkina Faso,"BFA","Labor force participation rate for ages 15-24, female (%) (modeled ILO estimate)","SL.TLF.ACTI.1524.FE.ZS","70.408","69.841","69.27","68.701","68.124","67.547","66.969","66.385","65.799","65.199","64.593","63.978","63.356","62.729","62.096","61.456","60.809","60.159","59.505","56.62"
Burundi,"BDI","Labor force participation rate for ages 15-24, female (%) (modeled ILO estimate)","SL.TLF.ACTI.1524.FE.ZS","71.481","70.942","70.398","69.848","69.291","68.73","67.43","66.102","64.749","63.372","61.972","60.552","59.114","57.661","58.168","58.696","58.877","58.731","58.407","58.083"
Cabo Verde,"CPV","Labor force participation rate for ages 15-24, female (%) (modeled ILO estimate)","SL.TLF.ACTI.1524.FE.ZS","37.909","37.139","36.4","35.697","35.032","34.406","33.817","33.264","32.739","32.612","32.521","32.411","32.287","32.155","32.016","31.871","31.725","28.153","25.877","23.256"
Cambodia,"KHM","Labor force participation rate for ages 15-24, female (%) (modeled ILO estimate)","SL.TLF.ACTI.1524.FE.ZS","75.608","76.043","76.503","76.051","75.611","75.191","74.781","70.702","74.842","78.225","78.368","73.72","68.51","69.678","69.641","69.724","69.049","68.791","68.587","68.49"
Cameroon,"CMR","Labor force participation rate for ages 15-24, female (%) (modeled ILO estimate)","SL.TLF.ACTI.1524.FE.ZS","66.253","65.977","65.729","65.533","65.405","65.296","65.18","61.159","56.974","52.676","50.678","48.666","46.644","44.62","42.345","40.159","38.027","35.886","33.712","31.294"
Canada,"CAN","Labor force participation rate for ages 15-24, female (%) (modeled ILO estimate)","SL.TLF.ACTI.1524.FE.ZS","63.237","65.264","66.479","66.07","65.705","67.221","67.626","67.943","66.362","65.896","65.629","65.476","65.512","65.808","65.613","65.195","65.106","64.519","66.1","61.931"
Cayman Islands,"CYM","Labor force participation rate for ages 15-24, female (%) (modeled ILO estimate)","SL.TLF.ACTI.1524.FE.ZS","NA","NA","NA","NA","NA","NA","NA","NA","NA","NA","NA","NA","NA","NA","NA","NA","NA","NA","NA","NA"
Central African Republic,"CAF","Labor force participation rate for ages 15-24, female (%) (modeled ILO estimate)","SL.TLF.ACTI.1524.FE.ZS","53.787","53.653","53.5","53.399","53.323","53.365","53.493","53.583","53.783","54.055","54.381","54.778","55.587","56.432","56.937","56.875","56.86","56.85","56.8","56.221"
Chad,"TCD","Labor force participation rate for ages 15-24, female (%) (modeled ILO estimate)","SL.TLF.ACTI.1524.FE.ZS","49.559","48.666","47.769","46.871","45.968","45.058","44.141","43.232","42.336","41.442","40.547","39.659","38.782","37.915","37.054","36.199","35.356","34.525","34.424","34.093"
Channel Islands,"CHI","Labor force participation rate for ages 15-24, female (%) (modeled ILO estimate)","SL.TLF.ACTI.1524.FE.ZS","48.849","48.002","47.52","47.797","47.344","47.257","46.947","46.981","46.223","44.505","45.12","46.404","44.087","46.274","46.729","45.888","46.027","46.124","45.781","45.346"
Chile,"CHL","Labor force participation rate for ages 15-24, female (%) (modeled ILO estimate)","SL.TLF.ACTI.1524.FE.ZS","27.299","26.447","27.539","28.685","29.394","29.026","29.807","31.825","31.825","30.549","32.266","31.539","31.069","31.172","30.202","29.804","30.68","30.886","29.619","22.329"
China,"CHN","Labor force participation rate for ages 15-24, female (%) (modeled ILO estimate)","SL.TLF.ACTI.1524.FE.ZS","64.601","63.551","62.489","61.426","60.361","59.304","58.256","57.201","56.131","55.057","53.966","53.101","52.242","51.41","50.615","49.842","49.082","48.361","47.732","44.47"
Colombia,"COL","Labor force participation rate for ages 15-24, female (%) (modeled ILO estimate)","SL.TLF.ACTI.1524.FE.ZS","46.932","46.511","47.497","45.586","42.457","40.887","39.341","39.043","42.807","42.631","43.106","44.265","43.284","42.723","42.457","42.121","41.462","40","39.312","39.092"
Comoros,"COM","Labor force participation rate for ages 15-24, female (%) (modeled ILO estimate)","SL.TLF.ACTI.1524.FE.ZS","16.015","15.922","15.764","15.419","15.066","14.717","14.367","14.016","13.663","13.314","12.973","12.641","12.349","12.091","13.387","14.63","15.749","16.774","17.807","18.863"
"Congo, Dem. Rep.","COD","Labor force participation rate for ages 15-24, female (%) (modeled ILO estimate)","SL.TLF.ACTI.1524.FE.ZS","50.46","50.501","50.556","50.58","50.565","48.901","47.241","45.59","43.949","42.319","40.706","39.114","39.8","40.492","41.203","41.853","42.482","43.231","44.054","44.318"
"Congo, Rep.","COG","Labor force participation rate for ages 15-24, female (%) (modeled ILO estimate)","SL.TLF.ACTI.1524.FE.ZS","44.747","44.72","44.607","44.331","44.032","43.745","43.631","43.622","43.453","43.33","43.55","43.824","44.219","44.512","44.771","44.983","45.061","45.046","44.936","41.617"
Costa Rica,"CRI","Labor force participation rate for ages 15-24, female (%) (modeled ILO estimate)","SL.TLF.ACTI.1524.FE.ZS","37.47","35.847","35.977","32.912","36.734","37.369","38.997","38.174","36.587","33.978","33.988","38.795","40.285","38.693","37.639","33.079","32.927","35.72","38.704","37.554"
Cote d'Ivoire,"CIV","Labor force participation rate for ages 15-24, female (%) (modeled ILO estimate)","SL.TLF.ACTI.1524.FE.ZS","42.744","43.412","44.085","44.765","45.452","46.148","46.852","47.613","48.429","49.252","50.076","50.897","48.791","46.62","44.411","42.215","41.226","40.254","39.303","36.691"
Croatia,"HRV","Labor force participation rate for ages 15-24, female (%) (modeled ILO estimate)","SL.TLF.ACTI.1524.FE.ZS","36.072","35.594","33.617","34.658","32.896","31.62","31.473","29.872","29.953","30.746","26.908","25.165","24.278","27.706","27.812","32.248","30.674","28.875","27.529","25.554"
Cuba,"CUB","Labor force participation rate for ages 15-24, female (%) (modeled ILO estimate)","SL.TLF.ACTI.1524.FE.ZS","26.601","26.734","27.205","27.963","29.22","30.545","31.381","31.81","35.86","34.84","34.972","35.107","35.121","34.889","34.967","34.754","34.78","34.973","34.987","32.376"
Curacao,"CUW","Labor force participation rate for ages 15-24, female (%) (modeled ILO estimate)","SL.TLF.ACTI.1524.FE.ZS","NA","NA","NA","NA","NA","NA","NA","NA","NA","NA","NA","NA","NA","NA","NA","NA","NA","NA","NA","NA"
Cyprus,"CYP","Labor force participation rate for ages 15-24, female (%) (modeled ILO estimate)","SL.TLF.ACTI.1524.FE.ZS","42.137","38.828","40.18","38.296","39.413","38.555","39.825","40.592","38.869","40.297","36.612","35.614","36.357","39.587","38.98","38.494","40.068","41.881","40.061","36.742"
Czechia,"CZE","Labor force participation rate for ages 15-24, female (%) (modeled ILO estimate)","SL.TLF.ACTI.1524.FE.ZS","37.966","35.224","33.979","31.519","28.756","29.151","26.867","26.117","26.101","25.261","24.121","25.907","26.062","26.057","27.356","26.206","26.583","26.233","25.852","21.413"
Denmark,"DNK","Labor force participation rate for ages 15-24, female (%) (modeled ILO estimate)","SL.TLF.ACTI.1524.FE.ZS","65.019","67.038","63.61","63.914","66.224","69.313","69.138","68.212","67.192","63.93","63.316","60.949","59.005","58.806","58.868","61.221","61.227","60.813","61.783","60.323"
Djibouti,"DJI","Labor force participation rate for ages 15-24, female (%) (modeled ILO estimate)","SL.TLF.ACTI.1524.FE.ZS","15.197","15.008","14.94","14.94","14.881","14.707","14.468","14.213","13.988","13.761","13.516","13.291","13.054","12.781","12.482","12.166","11.85","11.537","11.233","11.006"
Dominica,"DMA","Labor force participation rate for ages 15-24, female (%) (modeled ILO estimate)","SL.TLF.ACTI.1524.FE.ZS","NA","NA","NA","NA","NA","NA","NA","NA","NA","NA","NA","NA","NA","NA","NA","NA","NA","NA","NA","NA"
Dominican Republic,"DOM","Labor force participation rate for ages 15-24, female (%) (modeled ILO estimate)","SL.TLF.ACTI.1524.FE.ZS","29.221","31.275","28.601","29.535","28.912","28.127","28.965","29.658","25.51","27.836","29.228","30.881","29.8","29.149","31.73","32.179","32.076","32.729","33.65","27.818"
Ecuador,"ECU","Labor force participation rate for ages 15-24, female (%) (modeled ILO estimate)","SL.TLF.ACTI.1524.FE.ZS","39.672","40.17","40.674","42.983","40.088","40.968","39.534","39.231","36.895","33.597","30.218","31.379","30.611","28.368","32.461","35.215","35.4","33.998","34.501","30.565"
"Egypt, Arab Rep.","EGY","Labor force participation rate for ages 15-24, female (%) (modeled ILO estimate)","SL.TLF.ACTI.1524.FE.ZS","17.963","21.11","21.145","21.152","21.136","21.091","19.816","19.856","20.678","19.233","17.661","17.531","19.063","19.464","21.453","21.042","19.761","12.042","9.296","7.592"
El Salvador,"SLV","Labor force participation rate for ages 15-24, female (%) (modeled ILO estimate)","SL.TLF.ACTI.1524.FE.ZS","32.216","31.42","33.91","32.05","32.612","33.18","30.87","30.515","30.161","29.811","29.43","30.402","30.381","29.169","28.427","29.35","29.485","30.033","30.273","27.885"
Equatorial Guinea,"GNQ","Labor force participation rate for ages 15-24, female (%) (modeled ILO estimate)","SL.TLF.ACTI.1524.FE.ZS","32.497","31.806","31.061","30.339","29.809","29.471","29.203","28.987","28.809","28.663","28.603","28.612","28.625","28.643","28.65","28.636","28.592","28.495","28.329","25.529"
Eritrea,"ERI","Labor force participation rate for ages 15-24, female (%) (modeled ILO estimate)","SL.TLF.ACTI.1524.FE.ZS","69.888","69.36","68.603","67.921","67.857","68.05","68.221","67.936","67.64","67.475","67.213","67.004","66.846","66.881","66.994","66.967","66.794","66.37","65.829","64.656"
Estonia,"EST","Labor force participation rate for ages 15-24, female (%) (modeled ILO estimate)","SL.TLF.ACTI.1524.FE.ZS","33.287","26.12","30.062","32.473","31.075","30.381","32.096","37.067","34.095","34.256","36.494","37.22","38.189","36.97","37.81","40.598","42.175","45.033","42.669","41.09"
Eswatini,"SWZ","Labor force participation rate for ages 15-24, female (%) (modeled ILO estimate)","SL.TLF.ACTI.1524.FE.ZS","30.289","29.831","29.464","29.157","28.87","28.6","28.224","27.722","27.213","26.757","26.376","26.043","25.747","25.436","25.108","24.794","25.273","25.73","26.142","26.38"
Ethiopia,"ETH","Labor force participation rate for ages 15-24, female (%) (modeled ILO estimate)","SL.TLF.ACTI.1524.FE.ZS","71.083","71.065","71.002","70.849","70.672","70.697","70.721","70.744","70.769","70.796","70.827","70.86","70.897","67.912","64.987","62.13","59.331","56.627","53.995","51.257"
Faroe Islands,"FRO","Labor force participation rate for ages 15-24, female (%) (modeled ILO estimate)","SL.TLF.ACTI.1524.FE.ZS","NA","NA","NA","NA","NA","NA","NA","NA","NA","NA","NA","NA","NA","NA","NA","NA","NA","NA","NA","NA"
Fiji,"FJI","Labor force participation rate for ages 15-24, female (%) (modeled ILO estimate)","SL.TLF.ACTI.1524.FE.ZS","26.544","25.699","24.867","24.048","23.241","23.809","24.381","24.971","25.58","26.196","26.822","27.443","28.052","28.646","27.834","27.039","26.411","25.964","26.056","23.8"
Finland,"FIN","Labor force participation rate for ages 15-24, female (%) (modeled ILO estimate)","SL.TLF.ACTI.1524.FE.ZS","52.945","54.774","56.589","58.387","60.162","60.793","53.59","53.453","51.158","49.331","50.561","52.083","52.934","52.545","53.359","53.276","54.249","54.634","53.419","51.366"
France,"FRA","Labor force participation rate for ages 15-24, female (%) (modeled ILO estimate)","SL.TLF.ACTI.1524.FE.ZS","32.251","32.699","33.6","33.274","30.485","30.388","31.447","31.034","32.288","31.666","30.835","30.221","31.757","30.954","31.745","32.004","31.516","32.042","31.895","31.17"
French Polynesia,"PYF","Labor force participation rate for ages 15-24, female (%) (modeled ILO estimate)","SL.TLF.ACTI.1524.FE.ZS","32.8","32.37","31.954","31.541","31.131","30.724","30.32","31.281","32.257","33.25","34.258","35.28","35.304","35.305","35.173","34.951","34.485","34.262","33.918","33.274"
Gabon,"GAB","Labor force participation rate for ages 15-24, female (%) (modeled ILO estimate)","SL.TLF.ACTI.1524.FE.ZS","18.023","17.769","17.508","17.248","16.992","16.741","16.5","16.277","16.084","15.93","15.806","15.694","15.588","15.504","15.457","15.454","15.487","15.534","15.577","13.979"
"Gambia, The","GMB","Labor force participation rate for ages 15-24, female (%) (modeled ILO estimate)","SL.TLF.ACTI.1524.FE.ZS","29.605","29.1","29.353","29.608","29.142","28.81","28.743","28.906","29.097","29.239","28.304","28.417","28.364","27.992","28.029","27.912","28.003","28.265","28.453","28.21"
Georgia,"GEO","Labor force participation rate for ages 15-24, female (%) (modeled ILO estimate)","SL.TLF.ACTI.1524.FE.ZS","60.424","58.592","55.497","53.839","51.346","49.048","46.273","45.717","46.351","44.906","43.192","41.821","40.846","40.141","39.594","39.029","38.214","32.623","29.588","29.434"
Germany,"DEU","Labor force participation rate for ages 15-24, female (%) (modeled ILO estimate)","SL.TLF.ACTI.1524.FE.ZS","47.289","47.242","46.722","44.373","46.84","48.036","49.428","49.647","49.788","48.455","49.652","48.013","48.77","47.879","46.975","47.322","48.468","47.845","48.393","48.438"
Ghana,"GHA","Labor force participation rate for ages 15-24, female (%) (modeled ILO estimate)","SL.TLF.ACTI.1524.FE.ZS","48.288","47.889","47.494","47.102","46.708","46.31","45.911","45.511","45.107","44.7","44.291","43.881","43.469","42.148","40.851","39.533","38.237","36.226","34.232","31.899"
Gibraltar,"GIB","Labor force participation rate for ages 15-24, female (%) (modeled ILO estimate)","SL.TLF.ACTI.1524.FE.ZS","NA","NA","NA","NA","NA","NA","NA","NA","NA","NA","NA","NA","NA","NA","NA","NA","NA","NA","NA","NA"
Greece,"GRC","Labor force participation rate for ages 15-24, female (%) (modeled ILO estimate)","SL.TLF.ACTI.1524.FE.ZS","33.627","33.116","30.905","33.205","30.285","28.317","27.273","25.814","27.243","26.973","26.583","27.181","25.432","25.977","24.038","22.743","23.86","21.18","21.002","19.091"
Greenland,"GRL","Labor force participation rate for ages 15-24, female (%) (modeled ILO estimate)","SL.TLF.ACTI.1524.FE.ZS","NA","NA","NA","NA","NA","NA","NA","NA","NA","NA","NA","NA","NA","NA","NA","NA","NA","NA","NA","NA"
Grenada,"GRD","Labor force participation rate for ages 15-24, female (%) (modeled ILO estimate)","SL.TLF.ACTI.1524.FE.ZS","NA","NA","NA","NA","NA","NA","NA","NA","NA","NA","NA","NA","NA","NA","NA","NA","NA","NA","NA","NA"
Guam,"GUM","Labor force participation rate for ages 15-24, female (%) (modeled ILO estimate)","SL.TLF.ACTI.1524.FE.ZS","41.073","39.297","40.308","40.989","51.357","49.693","42.311","40.895","39.403","44.442","45.936","45.716","45.545","45.347","45.271","45.275","45.181","45.327","45.015","41.619"
Guatemala,"GTM","Labor force participation rate for ages 15-24, female (%) (modeled ILO estimate)","SL.TLF.ACTI.1524.FE.ZS","42.109","42.198","44.398","34.151","33.963","33.787","33.626","33.48","33.35","33.236","35.423","39.1","31.984","32.646","31.581","33.513","30.895","32.653","31.82","31.84"
Guinea,"GIN","Labor force participation rate for ages 15-24, female (%) (modeled ILO estimate)","SL.TLF.ACTI.1524.FE.ZS","52.387","52.6","50.877","49.156","47.437","45.735","44.057","42.405","40.78","39.186","37.625","36.099","34.611","33.162","31.753","30.385","29.059","27.773","26.525","26.303"
Guinea-Bissau,"GNB","Labor force participation rate for ages 15-24, female (%) (modeled ILO estimate)","SL.TLF.ACTI.1524.FE.ZS","51.781","51.59","51.451","51.295","51.115","51.005","50.893","50.743","50.589","50.394","50.176","50.049","49.859","49.669","49.391","49.084","48.731","48.337","52.576","48.309"
Guyana,"GUY","Labor force participation rate for ages 15-24, female (%) (modeled ILO estimate)","SL.TLF.ACTI.1524.FE.ZS","31.904","31.6","32.16","32.724","33.294","33.869","34.448","35.032","35.621","36.214","36.811","37.412","38.018","38.627","39.239","39.855","40.474","41.097","37.414","35.516"
Haiti,"HTI","Labor force participation rate for ages 15-24, female (%) (modeled ILO estimate)","SL.TLF.ACTI.1524.FE.ZS","31.063","31.544","32.03","32.519","33.011","33.021","33.073","33.065","33.105","32.893","33.01","32.836","32.851","32.775","32.611","32.464","32.352","32.197","31.849","31.544"
Honduras,"HND","Labor force participation rate for ages 15-24, female (%) (modeled ILO estimate)","SL.TLF.ACTI.1524.FE.ZS","36.054","35.173","34.303","33.445","32.598","28.991","28.487","29.023","29.099","30.915","30.042","27.896","33.494","34.518","37.428","36.444","37.275","40.369","34.272","43.056"
"Hong Kong SAR, China","HKG","Labor force participation rate for ages 15-24, female (%) (modeled ILO estimate)","SL.TLF.ACTI.1524.FE.ZS","45.45","45.38","44.4","44.66","44.79","44.08","44.47","42.53","40.28","36.731","37.049","37.578","39.963","39.263","41.427","41.936","41.518","40.943","40.46","36.567"
Hungary,"HUN","Labor force participation rate for ages 15-24, female (%) (modeled ILO estimate)","SL.TLF.ACTI.1524.FE.ZS","23.644","23.322","23.062","22.775","22.548","22.356","22.337","22.284","22.6","23","22.5","24.1","24.6","26.8","28.4","29.4","29.6","29","27.4","27.8"
Iceland,"ISL","Labor force participation rate for ages 15-24, female (%) (modeled ILO estimate)","SL.TLF.ACTI.1524.FE.ZS","79.495","70.366","76.266","75.651","78.065","80.31","79.511","79.447","75.481","76.089","74.57","78.039","81.46","78.752","81.988","83.468","82.391","80.978","80.614","75.434"
India,"IND","Labor force participation rate for ages 15-24, female (%) (modeled ILO estimate)","SL.TLF.ACTI.1524.FE.ZS","27.86","27.466","27.074","26.686","26.302","24.762","23.283","21.867","20.514","19.225","18.163","17.148","16.636","16.083","15.494","14.915","14.336","13.73","13.098","12.489"
Indonesia,"IDN","Labor force participation rate for ages 15-24, female (%) (modeled ILO estimate)","SL.TLF.ACTI.1524.FE.ZS","40.516","40.296","39.221","40.234","38.133","39.45","40.374","38.948","38.506","37.842","37.223","38.234","37.239","36.254","36.95","36.909","37.789","38.199","39.981","38.857"
"Iran, Islamic Rep.","IRN","Labor force participation rate for ages 15-24, female (%) (modeled ILO estimate)","SL.TLF.ACTI.1524.FE.ZS","13.657","14.349","15.069","15.819","16.599","15.441","14.152","12.098","12.468","12.229","10.441","11.421","9.638","8.602","9.601","10.98","12.248","11.969","11.087","7.98"
Iraq,"IRQ","Labor force participation rate for ages 15-24, female (%) (modeled ILO estimate)","SL.TLF.ACTI.1524.FE.ZS","5.422","5.618","5.827","6.05","6.283","6.528","6.784","6.599","6.411","6.224","6.04","5.86","6.347","6.862","7.852","8.945","5.032","5.626","6.229","6.411"
Ireland,"IRL","Labor force participation rate for ages 15-24, female (%) (modeled ILO estimate)","SL.TLF.ACTI.1524.FE.ZS","68.291","65.989","65.868","64.302","65.569","64.77","64.184","61.853","57.395","51.686","49.131","48.594","48.104","45.823","44.596","48.291","45.486","45.016","45.897","43.095"
Isle of Man,"IMN","Labor force participation rate for ages 15-24, female (%) (modeled ILO estimate)","SL.TLF.ACTI.1524.FE.ZS","NA","NA","NA","NA","NA","NA","NA","NA","NA","NA","NA","NA","NA","NA","NA","NA","NA","NA","NA","NA"
Israel,"ISR","Labor force participation rate for ages 15-24, female (%) (modeled ILO estimate)","SL.TLF.ACTI.1524.FE.ZS","54.156","50.341","51.858","52.581","53.649","54.004","52.695","50.796","51.091","50.883","48.302","50.01","49.503","49.846","49.296","49.34","49.47","48.899","48.228","44.749"
Italy,"ITA","Labor force participation rate for ages 15-24, female (%) (modeled ILO estimate)","SL.TLF.ACTI.1524.FE.ZS","32.461","30.896","30.132","31.945","28.734","26.863","25.433","25.526","23.671","23.121","22.791","23.995","23.401","23.084","21.68","22.753","22.118","21.89","22.008","18.869"
Jamaica,"JAM","Labor force participation rate for ages 15-24, female (%) (modeled ILO estimate)","SL.TLF.ACTI.1524.FE.ZS","35.1","34.351","33.61","33.32","33.167","33.014","32.862","32.71","28.911","26.181","28.518","26.745","27.022","27.064","29.247","32.681","32.574","30.476","31.649","30.133"
Japan,"JPN","Labor force participation rate for ages 15-24, female (%) (modeled ILO estimate)","SL.TLF.ACTI.1524.FE.ZS","46.492","45.288","44.508","44.502","45.113","45.51","44.785","44.894","44.938","43.949","43.695","42.015","43.486","43.609","43.089","44.933","45.218","48.131","50.184","49.118"
Jordan,"JOR","Labor force participation rate for ages 15-24, female (%) (modeled ILO estimate)","SL.TLF.ACTI.1524.FE.ZS","10.68","11.215","10.346","10.272","10.201","10.386","12.062","11.566","11.764","11.695","11.661","11.355","10.783","10.484","11.274","12.035","12.747","9.777","9.683","9.671"
Kazakhstan,"KAZ","Labor force participation rate for ages 15-24, female (%) (modeled ILO estimate)","SL.TLF.ACTI.1524.FE.ZS","49.244","47.852","47.44","46.22","45.678","45.141","44.604","44.064","43.984","43.396","42.848","42.53","42.149","41.904","41.858","41.819","41.585","41.35","41.102","40.227"
Kenya,"KEN","Labor force participation rate for ages 15-24, female (%) (modeled ILO estimate)","SL.TLF.ACTI.1524.FE.ZS","50.081","49.657","49.231","48.806","48.381","47.954","47.525","47.092","46.656","46.223","45.799","45.375","44.95","44.527","44.11","43.678","40.816","38.035","35.327","34.043"
Kiribati,"KIR","Labor force participation rate for ages 15-24, female (%) (modeled ILO estimate)","SL.TLF.ACTI.1524.FE.ZS","NA","NA","NA","NA","NA","NA","NA","NA","NA","NA","NA","NA","NA","NA","NA","NA","NA","NA","NA","NA"
"Korea, Dem. People's Rep.","PRK","Labor force participation rate for ages 15-24, female (%) (modeled ILO estimate)","SL.TLF.ACTI.1524.FE.ZS","80.665","80.657","80.594","80.511","80.239","80.429","80.609","80.349","80.507","80.622","80.608","80.552","80.533","80.509","80.712","80.371","80.802","81.326","81.379","79.884"
"Korea, Rep.","KOR","Labor force participation rate for ages 15-24, female (%) (modeled ILO estimate)","SL.TLF.ACTI.1524.FE.ZS","37.007","37.575","37.64","38.116","36.757","33.774","30.485","28.782","27.259","27.859","27.835","28.708","28.919","30.117","31.887","32.021","31.581","31.606","30.71","29.326"
Kosovo,"XKX","Labor force participation rate for ages 15-24, female (%) (modeled ILO estimate)","SL.TLF.ACTI.1524.FE.ZS","NA","NA","NA","NA","NA","NA","NA","NA","NA","NA","NA","NA","NA","NA","NA","NA","NA","NA","NA","NA"
Kuwait,"KWT","Labor force participation rate for ages 15-24, female (%) (modeled ILO estimate)","SL.TLF.ACTI.1524.FE.ZS","24.558","25.277","26.01","25.173","24.353","23.552","22.77","22.006","21.26","20.533","19.825","19.135","18.464","17.811","17.177","16.56","16.536","16.489","16.458","15.127"
Kyrgyz Republic,"KGZ","Labor force participation rate for ages 15-24, female (%) (modeled ILO estimate)","SL.TLF.ACTI.1524.FE.ZS","42.956","43.215","41.32","39.553","39.935","39.265","37.005","34.888","34.412","34.934","35.664","31.414","32.159","31.024","29.592","26.745","22.81","24.17","22.635","22.954"
Lao PDR,"LAO","Labor force participation rate for ages 15-24, female (%) (modeled ILO estimate)","SL.TLF.ACTI.1524.FE.ZS","62.169","61.585","60.969","60.299","59.536","58.587","57.772","56.93","56.132","55.202","54.336","53.468","52.593","51.764","50.987","50.257","49.549","50.016","50.56","51.077"
Latvia,"LVA","Labor force participation rate for ages 15-24, female (%) (modeled ILO estimate)","SL.TLF.ACTI.1524.FE.ZS","31.121","33.876","32.346","30.639","31.971","33.998","35.793","36.511","35.873","37.177","33.65","36.067","35.991","35.298","37.13","35.941","36.548","34.744","32.825","31.533"
Lebanon,"LBN","Labor force participation rate for ages 15-24, female (%) (modeled ILO estimate)","SL.TLF.ACTI.1524.FE.ZS","18.715","18.612","18.503","18.414","18.503","18.598","18.69","19.436","20.205","20.996","21.806","22.635","23.48","24.34","25.237","26.129","26.95","27.692","28.36","24.629"
Lesotho,"LSO","Labor force participation rate for ages 15-24, female (%) (modeled ILO estimate)","SL.TLF.ACTI.1524.FE.ZS","56.033","54.514","52.984","51.447","49.902","48.35","46.786","45.217","43.654","42.098","40.554","39.024","37.517","35.344","33.193","31.074","28.998","26.973","25.006","24.756"
Liberia,"LBR","Labor force participation rate for ages 15-24, female (%) (modeled ILO estimate)","SL.TLF.ACTI.1524.FE.ZS","54.907","54.855","55.003","55.018","55.072","55.156","55.243","55.235","55.188","55.154","54.705","54.381","54.446","54.457","54.371","54.242","54.095","53.907","53.669","52.603"
Libya,"LBY","Labor force participation rate for ages 15-24, female (%) (modeled ILO estimate)","SL.TLF.ACTI.1524.FE.ZS","11.603","11.558","11.506","11.447","11.385","11.294","11.179","11.075","10.978","10.884","10.803","10.74","10.694","10.654","10.62","10.589","10.562","10.536","10.509","9.298"
Liechtenstein,"LIE","Labor force participation rate for ages 15-24, female (%) (modeled ILO estimate)","SL.TLF.ACTI.1524.FE.ZS","NA","NA","NA","NA","NA","NA","NA","NA","NA","NA","NA","NA","NA","NA","NA","NA","NA","NA","NA","NA"
Lithuania,"LTU","Labor force participation rate for ages 15-24, female (%) (modeled ILO estimate)","SL.TLF.ACTI.1524.FE.ZS","27.922","27.454","28.806","19.374","20.591","23.343","22.346","25.288","25.85","25.427","24.084","26.057","27.017","29.588","30.781","31.853","32.168","34.08","35.645","34.191"
Luxembourg,"LUX","Labor force participation rate for ages 15-24, female (%) (modeled ILO estimate)","SL.TLF.ACTI.1524.FE.ZS","32.06","31.176","29.676","26.397","25.472","26.015","26.565","27.123","30.731","23.994","24.212","24.872","21.623","25.42","34.625","31.373","28.529","32.282","31.33","30.955"
"Macao SAR, China","MAC","Labor force participation rate for ages 15-24, female (%) (modeled ILO estimate)","SL.TLF.ACTI.1524.FE.ZS","44.425","41.12","33.08","33.5","37.72","39.18","45.03","47.22","49.855","47.818","48.318","45.227","47","46.1","44.736","41.682","41.3","41.874","42.516","41.708"
Madagascar,"MDG","Labor force participation rate for ages 15-24, female (%) (modeled ILO estimate)","SL.TLF.ACTI.1524.FE.ZS","73.294","73.291","73.257","73.183","73.06","73.046","73.032","73.019","73.005","72.991","72.977","72.964","72.95","72.936","72.922","72.54","72.192","71.88","71.594","70.914"
Malawi,"MWI","Labor force participation rate for ages 15-24, female (%) (modeled ILO estimate)","SL.TLF.ACTI.1524.FE.ZS","67.592","67.6","67.575","67.563","67.601","66.108","64.574","62.985","61.345","59.672","57.972","56.046","54.096","52.133","50.164","48.197","46.239","45.802","45.325","52.868"
Malaysia,"MYS","Labor force participation rate for ages 15-24, female (%) (modeled ILO estimate)","SL.TLF.ACTI.1524.FE.ZS","35.335","35.13","34.926","34.722","34.518","34.316","34.113","33.912","33.71","33.51","33.31","33.915","34.525","35.14","34.47","35.33","35.62","35.91","37.65","34.88"
Maldives,"MDV","Labor force participation rate for ages 15-24, female (%) (modeled ILO estimate)","SL.TLF.ACTI.1524.FE.ZS","30.592","31.391","32.189","32.989","33.795","34.513","35.177","35.935","36.832","37.386","38.023","38.732","39.5","40.261","40.866","41.362","41.965","42.321","42.38","37.844"
Mali,"MLI","Labor force participation rate for ages 15-24, female (%) (modeled ILO estimate)","SL.TLF.ACTI.1524.FE.ZS","51.664","51.572","51.497","51.516","51.581","51.695","51.826","51.975","52.15","52.352","52.581","52.925","53.19","53.252","57.198","55.325","53.439","49.51","45.575","41.476"
Malta,"MLT","Labor force participation rate for ages 15-24, female (%) (modeled ILO estimate)","SL.TLF.ACTI.1524.FE.ZS","60.476","58.086","57.07","50.352","51.326","49.061","50.461","49.989","48.304","48.096","47.964","48.92","50.262","52.319","49.424","48.896","51.15","55.214","53.823","50.861"
Marshall Islands,"MHL","Labor force participation rate for ages 15-24, female (%) (modeled ILO estimate)","SL.TLF.ACTI.1524.FE.ZS","NA","NA","NA","NA","NA","NA","NA","NA","NA","NA","NA","NA","NA","NA","NA","NA","NA","NA","NA","NA"
Mauritania,"MRT","Labor force participation rate for ages 15-24, female (%) (modeled ILO estimate)","SL.TLF.ACTI.1524.FE.ZS","16.478","16.534","16.539","16.55","16.539","16.481","16.525","16.458","16.347","16.338","16.436","16.616","15.948","15.269","14.612","13.975","13.358","13.28","13.185","12.876"
Mauritius,"MUS","Labor force participation rate for ages 15-24, female (%) (modeled ILO estimate)","SL.TLF.ACTI.1524.FE.ZS","31.604","33.947","35.53","35.236","34.945","35.932","34.138","32.173","31.347","33.528","32.62","32.714","32.021","32.688","35.828","35.552","35.663","37.257","34.583","29.38"
Mexico,"MEX","Labor force participation rate for ages 15-24, female (%) (modeled ILO estimate)","SL.TLF.ACTI.1524.FE.ZS","34.635","32.682","32.633","32.471","34.323","34.983","35.09","34.131","33.381","33.285","33.31","33.833","33.089","32.06","31.646","31.248","30.832","30.898","32.401","28.668"
"Micronesia, Fed. Sts.","FSM","Labor force participation rate for ages 15-24, female (%) (modeled ILO estimate)","SL.TLF.ACTI.1524.FE.ZS","NA","NA","NA","NA","NA","NA","NA","NA","NA","NA","NA","NA","NA","NA","NA","NA","NA","NA","NA","NA"
Moldova,"MDA","Labor force participation rate for ages 15-24, female (%) (modeled ILO estimate)","SL.TLF.ACTI.1524.FE.ZS","30.927","30.318","25.788","24.117","23.223","29.906","27.521","29.908","33.157","39.777","41.544","40.758","42.028","43.83","46.363","43.425","41.051","36.149","38.267","35.208"
Monaco,"MCO","Labor force participation rate for ages 15-24, female (%) (modeled ILO estimate)","SL.TLF.ACTI.1524.FE.ZS","NA","NA","NA","NA","NA","NA","NA","NA","NA","NA","NA","NA","NA","NA","NA","NA","NA","NA","NA","NA"
Mongolia,"MNG","Labor force participation rate for ages 15-24, female (%) (modeled ILO estimate)","SL.TLF.ACTI.1524.FE.ZS","37.546","37.118","36.419","35.293","34.565","33.71","32.7","29.093","28.822","27.177","27.327","27.16","26.994","25.314","24.581","21.943","21.713","22.138","31.665","29.382"
Montenegro,"MNE","Labor force participation rate for ages 15-24, female (%) (modeled ILO estimate)","SL.TLF.ACTI.1524.FE.ZS","19.088","18.959","18.785","18.444","18.134","17.544","17.114","16.698","17.075","16.918","16.733","21.889","19.919","24.485","26.98","29.538","27.777","26.969","31.075","24.849"
Morocco,"MAR","Labor force participation rate for ages 15-24, female (%) (modeled ILO estimate)","SL.TLF.ACTI.1524.FE.ZS","21.662","21.423","21.422","21.418","21.42","21.393","21.415","21.426","20.312","19.23","18.514","17.432","17.254","18.002","17.276","15.272","14.842","14.43","14.032","12.715"
Mozambique,"MOZ","Labor force participation rate for ages 15-24, female (%) (modeled ILO estimate)","SL.TLF.ACTI.1524.FE.ZS","78.16","77.023","75.841","74.839","73.826","72.797","71.749","70.684","69.605","68.512","67.406","66.287","65.152","64.001","62.836","63.022","63.208","63.4","63.606","63.259"
Myanmar,"MMR","Labor force participation rate for ages 15-24, female (%) (modeled ILO estimate)","SL.TLF.ACTI.1524.FE.ZS","69.801","68.447","66.868","65.306","63.718","62.157","60.705","59.428","58.095","56.9","56.262","55.371","54.316","53.286","52.414","48.304","44.204","43.109","40.618","39.041"
Namibia,"NAM","Labor force participation rate for ages 15-24, female (%) (modeled ILO estimate)","SL.TLF.ACTI.1524.FE.ZS","27.825","27.857","27.891","27.925","27.957","27.987","28.016","28.045","28.074","28.104","28.134","28.167","32.799","30.564","32.424","34.33","30.281","26.441","26.565","24.467"
Nauru,"NRU","Labor force participation rate for ages 15-24, female (%) (modeled ILO estimate)","SL.TLF.ACTI.1524.FE.ZS","NA","NA","NA","NA","NA","NA","NA","NA","NA","NA","NA","NA","NA","NA","NA","NA","NA","NA","NA","NA"
Nepal,"NPL","Labor force participation rate for ages 15-24, female (%) (modeled ILO estimate)","SL.TLF.ACTI.1524.FE.ZS","18.18","18.362","18.539","18.735","18.925","19.097","19.276","19.522","19.847","20.231","20.58","20.76","20.783","20.799","20.907","20.886","20.601","20.212","19.817","19.815"
Netherlands,"NLD","Labor force participation rate for ages 15-24, female (%) (modeled ILO estimate)","SL.TLF.ACTI.1524.FE.ZS","82.403","81.923","81.47","81.422","81.757","81.636","81.787","81.698","81.3","80.2","80.8","82.3","81.5","79.1","80.8","80.5","80.9","80.9","81.4","80.9"
New Caledonia,"NCL","Labor force participation rate for ages 15-24, female (%) (modeled ILO estimate)","SL.TLF.ACTI.1524.FE.ZS","42.529","42.506","42.33","42.141","41.92","41.55","41.324","41.355","41.27","40.729","40.49","40.499","40.511","40.6","38.932","37.29","35.677","34.095","32.548","35.578"
New Zealand,"NZL","Labor force participation rate for ages 15-24, female (%) (modeled ILO estimate)","SL.TLF.ACTI.1524.FE.ZS","59.727","60.492","59.482","58.648","59.162","61.508","61.946","60.153","58.888","58.047","57.026","57.445","56.033","57.705","59","59.823","61.025","62.831","63.281","61.807"
Nicaragua,"NIC","Labor force participation rate for ages 15-24, female (%) (modeled ILO estimate)","SL.TLF.ACTI.1524.FE.ZS","27.394","27.805","28.215","28.624","29.027","29.407","29.768","30.124","30.476","30.828","31.179","31.533","31.892","32.256","32.097","31.912","31.717","31.097","30.52","29.873"
Niger,"NER","Labor force participation rate for ages 15-24, female (%) (modeled ILO estimate)","SL.TLF.ACTI.1524.FE.ZS","56.649","56.971","57.319","57.684","58.016","58.336","58.644","58.903","59.144","59.308","59.43","56.904","54.399","51.937","51.546","51.153","50.756","50.356","49.954","54.47"
Nigeria,"NGA","Labor force participation rate for ages 15-24, female (%) (modeled ILO estimate)","SL.TLF.ACTI.1524.FE.ZS","75.997","74.708","73.35","71.988","70.506","68.503","66.842","65.654","66.367","65.195","65.24","64.718","63.839","63.698","63.391","62.696","61.536","60.775","59.826","57.757"
North Macedonia,"MKD","Labor force participation rate for ages 15-24, female (%) (modeled ILO estimate)","SL.TLF.ACTI.1524.FE.ZS","29.789","28.32","29.74","28.602","27.49","29.202","27.583","28.1","26.194","22.919","23.854","26.235","27.117","25.307","25.342","23.265","23.559","22.841","25.831","23.359"
Northern Mariana Islands,"MNP","Labor force participation rate for ages 15-24, female (%) (modeled ILO estimate)","SL.TLF.ACTI.1524.FE.ZS","NA","NA","NA","NA","NA","NA","NA","NA","NA","NA","NA","NA","NA","NA","NA","NA","NA","NA","NA","NA"
Norway,"NOR","Labor force participation rate for ages 15-24, female (%) (modeled ILO estimate)","SL.TLF.ACTI.1524.FE.ZS","65.161","64.582","64.269","64.003","64.856","64.205","63.981","64.057","63.3","61.4","61.4","62.5","62.5","60.1","61.6","60.1","58.9","59.5","60.8","61.1"
Oman,"OMN","Labor force participation rate for ages 15-24, female (%) (modeled ILO estimate)","SL.TLF.ACTI.1524.FE.ZS","23.371","23.273","23.15","22.326","21.524","20.742","19.982","19.242","18.524","17.827","17.15","16.494","15.858","15.243","14.647","14.07","13.997","13.963","14.022","12.977"
Pakistan,"PAK","Labor force participation rate for ages 15-24, female (%) (modeled ILO estimate)","SL.TLF.ACTI.1524.FE.ZS","12.583","14.991","15.546","16.093","16.587","17.087","17.025","17.604","18.785","19.572","19.26","19.559","19.86","20.106","20.734","19.926","19.132","18.355","20.252","21.022"
Palau,"PLW","Labor force participation rate for ages 15-24, female (%) (modeled ILO estimate)","SL.TLF.ACTI.1524.FE.ZS","NA","NA","NA","NA","NA","NA","NA","NA","NA","NA","NA","NA","NA","NA","NA","NA","NA","NA","NA","NA"
Panama,"PAN","Labor force participation rate for ages 15-24, female (%) (modeled ILO estimate)","SL.TLF.ACTI.1524.FE.ZS","35.365","34.71","35.87","34.88","35.54","33.5","32.82","33.38","34.33","31.941","28.895","31.512","33.832","32.425","30.728","31.468","33.121","33.758","35.697","43.474"
Papua New Guinea,"PNG","Labor force participation rate for ages 15-24, female (%) (modeled ILO estimate)","SL.TLF.ACTI.1524.FE.ZS","40.408","40.896","41.055","41.131","40.715","40.417","39.798","40.266","39.767","38.839","38.519","37.709","37.002","35.125","34.097","33.203","32.541","32.329","31.543","30.719"
Paraguay,"PRY","Labor force participation rate for ages 15-24, female (%) (modeled ILO estimate)","SL.TLF.ACTI.1524.FE.ZS","46.113","46.106","42.034","46.305","44.085","44.019","41.939","44.299","48.666","43.359","45.959","47.457","46.732","42.505","40.27","45.354","45.944","46.743","47.303","43.974"
Peru,"PER","Labor force participation rate for ages 15-24, female (%) (modeled ILO estimate)","SL.TLF.ACTI.1524.FE.ZS","51.135","52.717","54.291","55.85","57.388","59.922","62.224","63.604","63.332","64.382","62.638","62.234","61.168","59.107","55.833","56.237","58.004","57.874","57.911","50.425"
Philippines,"PHL","Labor force participation rate for ages 15-24, female (%) (modeled ILO estimate)","SL.TLF.ACTI.1524.FE.ZS","33.744","33.551","33.19","32.899","33.435","32.935","32.245","31.51","32.181","32.012","33.186","32.722","31.892","32.679","31.27","30.276","27.565","27.324","27.174","23.334"
Poland,"POL","Labor force participation rate for ages 15-24, female (%) (modeled ILO estimate)","SL.TLF.ACTI.1524.FE.ZS","34.492","32.338","30.625","29.725","29.654","30.906","29.687","29.846","29.725","30.012","28.548","28.581","28.043","28.77","27.086","29.143","29.9","30.842","31.104","27.399"
Portugal,"PRT","Labor force participation rate for ages 15-24, female (%) (modeled ILO estimate)","SL.TLF.ACTI.1524.FE.ZS","41.554","41.757","41.403","38.021","38.103","37.644","37.836","38.075","37.227","34.216","35.873","34.81","33.781","34.035","32.954","31.531","32.606","31.822","32.492","28.343"
Puerto Rico (US),"PRI","Labor force participation rate for ages 15-24, female (%) (modeled ILO estimate)","SL.TLF.ACTI.1524.FE.ZS","26.175","26.583","28.302","27.034","28.553","25.173","21.197","22.456","19.735","17.299","17.337","17.243","17.118","16.975","16.855","16.755","16.526","16.386","16.52","15.518"
Qatar,"QAT","Labor force participation rate for ages 15-24, female (%) (modeled ILO estimate)","SL.TLF.ACTI.1524.FE.ZS","35.096","34.836","34.52","34.364","34.423","34.349","34.14","33.071","32.02","31.179","30.35","30.699","31.05","34.868","38.89","39.087","39.284","39.482","39.68","40.52"
Romania,"ROU","Labor force participation rate for ages 15-24, female (%) (modeled ILO estimate)","SL.TLF.ACTI.1524.FE.ZS","25.491","24.687","24.377","23.393","22.955","22.317","21.745","21.134","18.9","21.6","22.1","21.5","20.8","20.2","21.3","18.6","21.6","20.6","20","20.3"
Russian Federation,"RUS","Labor force participation rate for ages 15-24, female (%) (modeled ILO estimate)","SL.TLF.ACTI.1524.FE.ZS","36.724","36.95","35.736","35.597","35.835","35.534","36.013","37.426","38.317","36.846","36.998","35.206","35.673","34.443","33.923","33.326","31.468","30.739","29.714","28.84"
Rwanda,"RWA","Labor force participation rate for ages 15-24, female (%) (modeled ILO estimate)","SL.TLF.ACTI.1524.FE.ZS","46.741","45.735","45.103","44.639","44.332","44.165","44.092","44.002","43.88","43.667","43.399","43.112","42.855","42.585","42.273","41.941","41.582","39.825","39.543","45.168"
Samoa,"WSM","Labor force participation rate for ages 15-24, female (%) (modeled ILO estimate)","SL.TLF.ACTI.1524.FE.ZS","38.563","37.972","37.413","37.096","36.364","36.157","36.165","35.832","35.985","35.369","35.023","35.584","35.679","35.706","35.359","34.55","34.496","31.909","28.801","25.802"
San Marino,"SMR","Labor force participation rate for ages 15-24, female (%) (modeled ILO estimate)","SL.TLF.ACTI.1524.FE.ZS","NA","NA","NA","NA","NA","NA","NA","NA","NA","NA","NA","NA","NA","NA","NA","NA","NA","NA","NA","NA"
Sao Tome and Principe,"STP","Labor force participation rate for ages 15-24, female (%) (modeled ILO estimate)","SL.TLF.ACTI.1524.FE.ZS","22.859","22.748","22.573","22.482","22.374","22.263","22.26","22.248","22.26","22.248","22.184","22.177","22.19","22.141","22.056","21.823","21.521","21.158","20.776","19.703"
Saudi Arabia,"SAU","Labor force participation rate for ages 15-24, female (%) (modeled ILO estimate)","SL.TLF.ACTI.1524.FE.ZS","7.28","7.45","7.703","7.964","8.233","8.51","7.23","6.81","6.461","7.147","7.9","8.72","9.31","9.21","8.46","8.73","6.869","7.961","9.697","12.858"
Senegal,"SEN","Labor force participation rate for ages 15-24, female (%) (modeled ILO estimate)","SL.TLF.ACTI.1524.FE.ZS","25.854","25.626","25.385","25.251","25.137","25.054","24.774","24.507","24.254","24.012","23.773","23.537","23.3","23.062","22.83","26.436","20.657","20.067","19.455","19.178"
Serbia,"SRB","Labor force participation rate for ages 15-24, female (%) (modeled ILO estimate)","SL.TLF.ACTI.1524.FE.ZS","34.534","33.4","32.608","31.551","30.664","30.08","27.93","27.178","24.456","21.948","20.712","21.847","22.743","21.28","22.635","23.447","24.07","23.314","22.678","21.095"
Seychelles,"SYC","Labor force participation rate for ages 15-24, female (%) (modeled ILO estimate)","SL.TLF.ACTI.1524.FE.ZS","NA","NA","NA","NA","NA","NA","NA","NA","NA","NA","NA","NA","NA","NA","NA","NA","NA","NA","NA","NA"
Sierra Leone,"SLE","Labor force participation rate for ages 15-24, female (%) (modeled ILO estimate)","SL.TLF.ACTI.1524.FE.ZS","46.05","45.903","45.848","49.039","47.476","45.926","44.388","42.865","41.36","39.875","38.41","36.967","35.548","34.153","34.048","33.923","33.779","33.621","33.258","32.948"
Singapore,"SGP","Labor force participation rate for ages 15-24, female (%) (modeled ILO estimate)","SL.TLF.ACTI.1524.FE.ZS","41.87","37.5","38.54","38.34","38.51","38.68","35.22","36.74","33.66","37.55","35.64","36.38","34.49","35.44","39.79","37.69","35.73","36.93","37.91","35.43"
Sint Maarten (Dutch part),"SXM","Labor force participation rate for ages 15-24, female (%) (modeled ILO estimate)","SL.TLF.ACTI.1524.FE.ZS","NA","NA","NA","NA","NA","NA","NA","NA","NA","NA","NA","NA","NA","NA","NA","NA","NA","NA","NA","NA"
Slovak Republic,"SVK","Labor force participation rate for ages 15-24, female (%) (modeled ILO estimate)","SL.TLF.ACTI.1524.FE.ZS","41.213","39.185","37.246","35.775","32.365","30.676","30.203","26.731","25.354","25.478","22.696","23.628","23.702","24.697","24.888","24.714","26.475","24.508","22.225","21.018"
Slovenia,"SVN","Labor force participation rate for ages 15-24, female (%) (modeled ILO estimate)","SL.TLF.ACTI.1524.FE.ZS","31.7","32.601","28.894","35.376","36.262","36.397","35.393","37.387","35.797","34.822","32.312","30.045","30.171","30.43","31.693","30.555","34.929","34.339","32.964","28.668"
Solomon Islands,"SLB","Labor force participation rate for ages 15-24, female (%) (modeled ILO estimate)","SL.TLF.ACTI.1524.FE.ZS","74.839","75.305","74.863","74.302","73.762","73.526","73.336","72.888","72.784","72.107","71.737","71.868","71.713","71.973","72.176","71.978","72.023","72.092","72.189","71.503"
"Somalia, Fed. Rep.","SOM","Labor force participation rate for ages 15-24, female (%) (modeled ILO estimate)","SL.TLF.ACTI.1524.FE.ZS","12.477","12.505","12.541","12.609","12.736","12.916","13.048","13.049","12.977","12.886","12.659","12.435","12.335","12.267","12.189","12.129","12.01","11.952","11.906","11.767"
South Africa,"ZAF","Labor force participation rate for ages 15-24, female (%) (modeled ILO estimate)","SL.TLF.ACTI.1524.FE.ZS","31.348","30.412","29.565","28.864","28.335","27.927","27.591","27.354","24.948","23.234","23.194","22.673","23.4","22.626","23.551","23.344","23.97","22.453","23.025","18.91"
South Sudan,"SSD","Labor force participation rate for ages 15-24, female (%) (modeled ILO estimate)","SL.TLF.ACTI.1524.FE.ZS","67.952","68.2","68.441","68.329","67.91","67.412","66.881","66.392","66.056","65.456","64.919","64.886","64.754","65.356","66.082","66.844","68.131","67.947","66.559","65.887"
Spain,"ESP","Labor force participation rate for ages 15-24, female (%) (modeled ILO estimate)","SL.TLF.ACTI.1524.FE.ZS","37.192","38.482","39.178","39.788","43.045","44.143","43.549","43.72","41.793","40.394","39.166","37.757","35.961","34.069","33.19","31.254","31.6","30.84","30.761","27.476"
Sri Lanka,"LKA","Labor force participation rate for ages 15-24, female (%) (modeled ILO estimate)","SL.TLF.ACTI.1524.FE.ZS","30.217","29.579","28.964","28.367","27.78","27.196","26.606","26.002","25.379","24.729","23.29","22.732","23.17","22.179","24.749","22.906","23.792","20.527","21.541","19.447"
St. Kitts and Nevis,"KNA","Labor force participation rate for ages 15-24, female (%) (modeled ILO estimate)","SL.TLF.ACTI.1524.FE.ZS","NA","NA","NA","NA","NA","NA","NA","NA","NA","NA","NA","NA","NA","NA","NA","NA","NA","NA","NA","NA"
St. Lucia,"LCA","Labor force participation rate for ages 15-24, female (%) (modeled ILO estimate)","SL.TLF.ACTI.1524.FE.ZS","57.149","57.672","58.187","58.699","59.211","59.668","59.9","59.925","59.941","60.154","60.557","61.318","59.744","59.589","59.399","59.224","59.008","60.075","54.013","45.885"
St. Martin (French part),"MAF","Labor force participation rate for ages 15-24, female (%) (modeled ILO estimate)","SL.TLF.ACTI.1524.FE.ZS","NA","NA","NA","NA","NA","NA","NA","NA","NA","NA","NA","NA","NA","NA","NA","NA","NA","NA","NA","NA"
St. Vincent and the Grenadines,"VCT","Labor force participation rate for ages 15-24, female (%) (modeled ILO estimate)","SL.TLF.ACTI.1524.FE.ZS","38.768","38.721","38.694","38.405","37.956","37.934","37.61","37.086","36.527","35.823","35.649","35.599","35.585","35.511","35.571","35.689","35.473","35.337","34.937","34.273"
Sudan,"SDN","Labor force participation rate for ages 15-24, female (%) (modeled ILO estimate)","SL.TLF.ACTI.1524.FE.ZS","23.954","23.421","22.896","22.38","21.872","21.373","20.882","20.399","20.329","20.26","20.191","19.087","17.923","16.668","15.376","14.133","12.863","11.652","10.567","9.536"
Suriname,"SUR","Labor force participation rate for ages 15-24, female (%) (modeled ILO estimate)","SL.TLF.ACTI.1524.FE.ZS","14.708","15.39","16.083","16.822","17.618","18.451","19.32","20.225","21.166","22.133","23.118","24.121","25.138","26.174","27.237","28.321","28.433","28.75","28.755","26.098"
Sweden,"SWE","Labor force participation rate for ages 15-24, female (%) (modeled ILO estimate)","SL.TLF.ACTI.1524.FE.ZS","52.543","50.564","50.735","48.198","51.349","51.871","52.74","53.079","50.985","51.288","52.781","53.439","55.158","56.048","56.518","55.546","55.377","55.461","56.192","51.888"
Switzerland,"CHE","Labor force participation rate for ages 15-24, female (%) (modeled ILO estimate)","SL.TLF.ACTI.1524.FE.ZS","66.885","68.098","68.265","65.952","64.704","67.032","64.468","66.126","68.485","67.384","67.895","66.235","67.069","67.454","68.314","68.961","67.762","67.625","66.307","64.571"
Syrian Arab Republic,"SYR","Labor force participation rate for ages 15-24, female (%) (modeled ILO estimate)","SL.TLF.ACTI.1524.FE.ZS","19.44","19.359","19.276","17.085","15.059","13.213","11.653","10.436","9.307","8.804","9.626","9.323","9.134","9.314","9.447","9.493","9.494","9.434","9.298","8.568"
Tajikistan,"TJK","Labor force participation rate for ages 15-24, female (%) (modeled ILO estimate)","SL.TLF.ACTI.1524.FE.ZS","38.419","38.358","38.317","35.073","31.973","29.032","26.263","23.675","21.271","19.72","18.22","16.77","15.372","14.035","12.755","11.544","10.967","10.372","9.843","9.782"
Tanzania,"TZA","Labor force participation rate for ages 15-24, female (%) (modeled ILO estimate)","SL.TLF.ACTI.1524.FE.ZS","77.739","78.151","78.557","78.958","79.355","79.748","78.667","77.552","76.403","75.221","74.01","72.771","71.507","70.218","70.045","69.831","69.654","69.527","69.416","65.629"
Thailand,"THA","Labor force participation rate for ages 15-24, female (%) (modeled ILO estimate)","SL.TLF.ACTI.1524.FE.ZS","47.73","46.272","44.82","45.24","45.48","40.38","41.95","40.53","40.79","38.853","39.59","38.84","34.876","34.946","34.454","34.33","33.518","33.97","33.37","33.178"
Timor-Leste,"TLS","Labor force participation rate for ages 15-24, female (%) (modeled ILO estimate)","SL.TLF.ACTI.1524.FE.ZS","37.936","39.785","40.593","40.709","40.597","41.504","40.625","39.606","38.714","37.909","37.483","37.172","37.052","36.76","36.699","36.571","37.194","37.486","35.101","34.55"
Togo,"TGO","Labor force participation rate for ages 15-24, female (%) (modeled ILO estimate)","SL.TLF.ACTI.1524.FE.ZS","29.158","29.037","28.905","28.811","28.758","28.642","28.567","28.508","28.479","28.502","28.526","28.523","28.489","28.427","28.344","28.253","28.144","28.011","27.864","27.604"
Tonga,"TON","Labor force participation rate for ages 15-24, female (%) (modeled ILO estimate)","SL.TLF.ACTI.1524.FE.ZS","26.743","26.448","26.154","25.863","25.574","25.286","25.001","24.719","24.438","24.159","23.883","23.609","23.337","23.067","22.8","22.534","22.271","22.01","21.642","21.045"
Trinidad and Tobago,"TTO","Labor force participation rate for ages 15-24, female (%) (modeled ILO estimate)","SL.TLF.ACTI.1524.FE.ZS","41.545","41.49","42.695","43.909","45.13","47.9","45.24","44.34","41.41","37.741","35.081","37.423","38.027","37.112","35.905","35.44","33.949","32.489","31.063","27.67"
Tunisia,"TUN","Labor force participation rate for ages 15-24, female (%) (modeled ILO estimate)","SL.TLF.ACTI.1524.FE.ZS","23.868","23.065","22.28","21.515","20.769","19.82","20.6","20.684","19.233","20.161","20.587","22.788","21.351","19.742","18.226","20.677","19.263","22.436","25.963","20.873"
Turkiye,"TUR","Labor force participation rate for ages 15-24, female (%) (modeled ILO estimate)","SL.TLF.ACTI.1524.FE.ZS","28.148","28.641","26.399","24.51","24.008","23.911","23.951","24.709","25.321","25.882","26.333","25.572","27.288","27.455","29.558","30.227","31.01","31.202","32.491","27.496"
Turkmenistan,"TKM","Labor force participation rate for ages 15-24, female (%) (modeled ILO estimate)","SL.TLF.ACTI.1524.FE.ZS","42.721","42.908","42.646","42.139","40.514","39.227","37.98","36.321","35.818","34.937","33.428","32.398","31.51","30.639","30.219","29.838","29.423","29.037","28.629","27.046"
Turks and Caicos Islands,"TCA","Labor force participation rate for ages 15-24, female (%) (modeled ILO estimate)","SL.TLF.ACTI.1524.FE.ZS","NA","NA","NA","NA","NA","NA","NA","NA","NA","NA","NA","NA","NA","NA","NA","NA","NA","NA","NA","NA"
Tuvalu,"TUV","Labor force participation rate for ages 15-24, female (%) (modeled ILO estimate)","SL.TLF.ACTI.1524.FE.ZS","NA","NA","NA","NA","NA","NA","NA","NA","NA","NA","NA","NA","NA","NA","NA","NA","NA","NA","NA","NA"
Uganda,"UGA","Labor force participation rate for ages 15-24, female (%) (modeled ILO estimate)","SL.TLF.ACTI.1524.FE.ZS","54.071","54.07","54.028","54.026","54.021","53.985","53.91","53.788","53.63","53.445","67.476","51.205","74.6","60.534","59.413","58.283","57.144","57.113","57.082","61.182"
Ukraine,"UKR","Labor force participation rate for ages 15-24, female (%) (modeled ILO estimate)","SL.TLF.ACTI.1524.FE.ZS","34.471","34.445","34.429","34.442","34.496","34.548","34.297","34.057","33.81","33.558","33.304","33.053","32.808","32.568","32.326","32.085","31.847","31.608","31.376","27.664"
United Arab Emirates,"ARE","Labor force participation rate for ages 15-24, female (%) (modeled ILO estimate)","SL.TLF.ACTI.1524.FE.ZS","25.828","26.459","27.1","27.75","28.41","28.654","28.899","29.145","29.393","29.642","29.892","30.143","30.396","30.649","30.904","31.16","33.924","36.585","30.609","29.718"
United Kingdom,"GBR","Labor force participation rate for ages 15-24, female (%) (modeled ILO estimate)","SL.TLF.ACTI.1524.FE.ZS","58.13","59.193","58.259","59.109","58.415","58.97","57.915","57.452","56.268","55.12","54.929","55.623","55.226","55.515","56.397","56.533","56.044","54.826","54.285","54.478"
United States,"USA","Labor force participation rate for ages 15-24, female (%) (modeled ILO estimate)","SL.TLF.ACTI.1524.FE.ZS","56.366","55.505","53.845","53.33","53.25","52.6","51.996","51.362","50.207","48.686","48.433","48.365","48.618","48.71","48.903","48.897","49.332","49.565","50.133","48.374"
Uruguay,"URY","Labor force participation rate for ages 15-24, female (%) (modeled ILO estimate)","SL.TLF.ACTI.1524.FE.ZS","51.838","46.824","44.827","44.366","45.773","45.069","45.959","46.145","46.411","45.638","47.04","46.312","45.419","45.988","44.212","43.363","41.896","42.979","42.755","38.958"
Uzbekistan,"UZB","Labor force participation rate for ages 15-24, female (%) (modeled ILO estimate)","SL.TLF.ACTI.1524.FE.ZS","31.617","30.816","30.183","29.598","29.013","28.234","27.644","27.253","27.647","27.193","27.302","27.214","26.903","26.892","26.905","26.824","26.437","26.223","25.954","25.195"
Vanuatu,"VUT","Labor force participation rate for ages 15-24, female (%) (modeled ILO estimate)","SL.TLF.ACTI.1524.FE.ZS","64.411","65.932","65.582","65.283","64.749","63.655","58.444","53.046","47.577","42.176","41.33","40.485","39.64","38.794","37.949","37.1","36.229","35.345","34.474","34.116"
"Venezuela, RB","VEN","Labor force participation rate for ages 15-24, female (%) (modeled ILO estimate)","SL.TLF.ACTI.1524.FE.ZS","34.163","33.478","32.442","32.75","33.736","32.565","31.311","30.699","29.928","28.503","27.851","27.27","26.171","25.1","24.059","23.049","22.398","22.143","21.517","18.138"
Viet Nam,"VNM","Labor force participation rate for ages 15-24, female (%) (modeled ILO estimate)","SL.TLF.ACTI.1524.FE.ZS","62","59.2","56.9","55.4","55.206","55.013","54.819","56.159","57.491","55.394","52.271","51.242","53.643","54.135","55.064","53.194","52.848","51.7","54.208","49.98"
Virgin Islands (U.S.),"VIR","Labor force participation rate for ages 15-24, female (%) (modeled ILO estimate)","SL.TLF.ACTI.1524.FE.ZS","40.141","40.144","40.002","40.207","40.421","40.578","40.661","40.393","39.365","39.028","37.798","36.122","35.456","35.244","34.997","34.768","34.239","33.971","33.866","33.222"
West Bank and Gaza,"PSE","Labor force participation rate for ages 15-24, female (%) (modeled ILO estimate)","SL.TLF.ACTI.1524.FE.ZS","5.018","5.066","6.381","6.318","6.216","6.576","7.388","8.395","8.299","7.626","8.568","8.36","7.536","8.174","10.547","10.878","11.385","10.199","10.485","9.009"
"Yemen, Rep.","YEM","Labor force participation rate for ages 15-24, female (%) (modeled ILO estimate)","SL.TLF.ACTI.1524.FE.ZS","17.706","16.665","15.673","14.73","13.834","12.985","12.18","11.419","10.699","10.02","8.42","7.055","5.898","4.92","4.248","4.226","4.204","4.184","4.166","4.126"
Zambia,"ZMB","Labor force participation rate for ages 15-24, female (%) (modeled ILO estimate)","SL.TLF.ACTI.1524.FE.ZS","37.646","37.464","37.295","37.146","37.006","36.856","36.703","36.543","36.369","36.191","36.051","35.887","35.693","35.451","35.182","34.875","34.54","34.187","33.32","37.167"
Zimbabwe,"ZWE","Labor force participation rate for ages 15-24, female (%) (modeled ILO estimate)","SL.TLF.ACTI.1524.FE.ZS","42.775","42.602","42.742","42.913","43.133","43.238","43.331","43.693","43.954","44.207","44.466","44.71","44.949","44.975","44.824","44.542","44.134","43.662","43.263","43.227"
,"","","","","","","","","","","","","","","","","","","","","","",""
,"","","","","","","","","","","","","","","","","","","","","","",""
,"","","","","","","","","","","","","","","","","","","","","","",""
Data from database: World Development Indicators,"","","","","","","","","","","","","","","","","","","","","","",""
Last Updated: 04/08/2026,"","","","","","","","","","","","","","","","","","","","","","",""
