Country Name,"Country Code","Series Name","Series Code","2000 [YR2000]","2001 [YR2001]","2002 [YR2002]","2003 [YR2003]","2004 [YR2004]","2005 [YR2005]","2006 [YR2006]","2007 [YR2007]","2008 [YR2008]","2009 [YR2009]","2010 [YR2010]","2011 [YR2011]","2012 [YR2012]","2013 [YR2013]","2014 [YR2014]","2015 [YR2015]","2016 [YR2016]","2017 [YR2017]","2018 [YR2018]","2019 [YR2019]","2020 [YR2020]"
Afghanistan,"AFG","Unemployment, total (% of total labor force) (modeled ILO estimate)","SL.UEM.TOTL.ZS","7.897","7.973","7.867","7.844","7.794","7.878","7.897","7.841","7.879","7.808","7.809","7.83","7.875","7.921","7.915","9.032","10.116","11.184","11.192","11.187","11.71"
Albania,"ALB","Unemployment, total (% of total labor force) (modeled ILO estimate)","SL.UEM.TOTL.ZS","19.023","18.57","17.891","16.985","16.306","15.966","15.626","15.966","13.06","13.674","14.086","13.481","13.376","15.866","18.055","17.193","15.418","13.616","12.304","11.466","11.639"
Algeria,"DZA","Unemployment, total (% of total labor force) (modeled ILO estimate)","SL.UEM.TOTL.ZS","29.77","27.3","25.9","23.72","17.65","15.27","12.27","13.79","11.33","10.16","9.96","9.96","10.97","9.82","10.207","11.206","10.202","12","12.112","12.302","14.08"
American Samoa,"ASM","Unemployment, total (% of total labor force) (modeled ILO estimate)","SL.UEM.TOTL.ZS","NA","NA","NA","NA","NA","NA","NA","NA","NA","NA","NA","NA","NA","NA","NA","NA","NA","NA","NA","NA","NA"
Andorra,"AND","Unemployment, total (% of total labor force) (modeled ILO estimate)","SL.UEM.TOTL.ZS","NA","NA","NA","NA","NA","NA","NA","NA","NA","NA","NA","NA","NA","NA","NA","NA","NA","NA","NA","NA","NA"
Angola,"AGO","Unemployment, total (% of total labor force) (modeled ILO estimate)","SL.UEM.TOTL.ZS","16.646","16.668","16.432","16.445","16.313","16.295","16.123","16.066","16.152","16.383","16.595","16.77","16.539","16.464","16.372","16.472","16.572","16.617","16.602","16.497","16.696"
Antigua and Barbuda,"ATG","Unemployment, total (% of total labor force) (modeled ILO estimate)","SL.UEM.TOTL.ZS","NA","NA","NA","NA","NA","NA","NA","NA","NA","NA","NA","NA","NA","NA","NA","NA","NA","NA","NA","NA","NA"
Argentina,"ARG","Unemployment, total (% of total labor force) (modeled ILO estimate)","SL.UEM.TOTL.ZS","15","17.32","19.59","15.36","13.522","11.506","10.078","8.47","7.837","8.645","7.714","7.18","7.217","7.1","7.268","7.577","8.088","8.347","9.22","9.843","11.461"
Armenia,"ARM","Unemployment, total (% of total labor force) (modeled ILO estimate)","SL.UEM.TOTL.ZS","11.107","11.012","10.888","10.769","10.676","10.584","10.497","10.394","17.1","19.295","19.523","18.884","17.511","16.576","17.498","18.261","17.617","17.704","18.966","18.304","18.175"
Aruba,"ABW","Unemployment, total (% of total labor force) (modeled ILO estimate)","SL.UEM.TOTL.ZS","NA","NA","NA","NA","NA","NA","NA","NA","NA","NA","NA","NA","NA","NA","NA","NA","NA","NA","NA","NA","NA"
Australia,"AUS","Unemployment, total (% of total labor force) (modeled ILO estimate)","SL.UEM.TOTL.ZS","6.288","6.747","6.375","5.933","5.399","5.036","4.785","4.381","4.242","5.565","5.214","5.083","5.225","5.663","6.078","6.055","5.711","5.592","5.345","5.143","6.394"
Austria,"AUT","Unemployment, total (% of total labor force) (modeled ILO estimate)","SL.UEM.TOTL.ZS","4.687","4.007","4.852","4.779","5.969","5.682","5.32","4.909","4.198","5.371","4.883","4.637","4.909","5.367","5.674","5.802","6.064","5.561","4.933","4.56","5.201"
Azerbaijan,"AZE","Unemployment, total (% of total labor force) (modeled ILO estimate)","SL.UEM.TOTL.ZS","11.78","10.91","10.04","9.17","7.99","7.26","6.62","6.33","5.86","5.74","5.63","5.42","5.19","4.97","4.91","4.96","5","5","4.9","5","7.24"
"Bahamas, The","BHS","Unemployment, total (% of total labor force) (modeled ILO estimate)","SL.UEM.TOTL.ZS","7.118","6.87","9.05","10.84","10.2","10.2","7.54","7.88","8.18","14.25","14.435","14.52","14.02","16.18","13.8","12","12.7","9.8","10","9.336","12.016"
Bahrain,"BHR","Unemployment, total (% of total labor force) (modeled ILO estimate)","SL.UEM.TOTL.ZS","1.081","1.118","1.137","1.126","1.064","1.021","1.021","1.006","1.015","1.07","1.13","1.21","1.2","1.184","1.144","1.164","1.19","1.18","1.188","1.217","1.765"
Bangladesh,"BGD","Unemployment, total (% of total labor force) (modeled ILO estimate)","SL.UEM.TOTL.ZS","3.27","3.609","3.966","4.32","4.316","4.25","3.591","4.015","4.49","5","3.379","3.737","4.07","4.426","4.417","4.397","4.35","4.372","4.439","4.504","5.539"
Barbados,"BRB","Unemployment, total (% of total labor force) (modeled ILO estimate)","SL.UEM.TOTL.ZS","9.35","9.85","10.32","11","9.57","9.08","8.73","7.41","8.12","10.02","10.69","11.19","11.59","11.55","12.17","9.803","8.247","8.62","8.321","8.41","10.586"
Belarus,"BLR","Unemployment, total (% of total labor force) (modeled ILO estimate)","SL.UEM.TOTL.ZS","12.193","11.561","10.874","10.191","9.463","8.759","8.066","7.41","6.728","6.1","6.052","6.024","5.962","5.942","5.908","5.881","5.844","5.648","4.763","4.165","4.049"
Belgium,"BEL","Unemployment, total (% of total labor force) (modeled ILO estimate)","SL.UEM.TOTL.ZS","6.586","6.178","6.91","7.68","7.363","8.44","8.246","7.459","6.976","7.908","8.293","7.14","7.542","8.425","8.523","8.482","7.83","7.09","5.941","5.364","5.545"
Belize,"BLZ","Unemployment, total (% of total labor force) (modeled ILO estimate)","SL.UEM.TOTL.ZS","10.841","9.07","10.04","10.342","10.586","10.91","9.39","8.51","8.18","8.323","8.412","8.424","8.378","8.349","8.244","7.578","7","6.596","9.346","9.053","10.763"
Benin,"BEN","Unemployment, total (% of total labor force) (modeled ILO estimate)","SL.UEM.TOTL.ZS","0.864","0.766","0.69","0.747","0.79","0.859","0.888","0.902","0.895","0.95","1.04","2.647","2.458","2.198","1.952","1.886","1.834","1.691","1.426","1.214","1.518"
Bermuda,"BMU","Unemployment, total (% of total labor force) (modeled ILO estimate)","SL.UEM.TOTL.ZS","NA","NA","NA","NA","NA","NA","NA","NA","NA","NA","NA","NA","NA","NA","NA","NA","NA","NA","NA","NA","NA"
Bhutan,"BTN","Unemployment, total (% of total labor force) (modeled ILO estimate)","SL.UEM.TOTL.ZS","1.655","1.9","1.854","1.8","2.49","3.1","3.13","3.7","3.848","3.96","3.32","3.23","2.05","2.87","2.63","2.45","2.707","3.027","3.35","2.72","5.03"
Bolivia,"BOL","Unemployment, total (% of total labor force) (modeled ILO estimate)","SL.UEM.TOTL.ZS","2.439","2.623","2.603","2.654","2.615","2.598","2.575","2.614","2.603","2.973","2.609","2.255","2.066","2.437","2.021","3.111","3.498","3.655","3.519","3.682","7.903"
Bosnia and Herzegovina,"BIH","Unemployment, total (% of total labor force) (modeled ILO estimate)","SL.UEM.TOTL.ZS","25.446","26.485","27.477","28.424","29.279","30.218","31.11","28.984","23.405","24.068","27.312","27.582","28.01","27.49","27.517","27.695","25.408","20.527","18.4","15.692","15.868"
Botswana,"BWA","Unemployment, total (% of total labor force) (modeled ILO estimate)","SL.UEM.TOTL.ZS","15.88","18.54","21.277","23.8","21.755","19.852","17.782","16.976","16.293","16.169","17.86","18.049","17.916","18.167","18.484","18.915","19.328","19.671","19.665","20.094","21.017"
Brazil,"BRA","Unemployment, total (% of total labor force) (modeled ILO estimate)","SL.UEM.TOTL.ZS","10.889","10.649","10.641","11.168","10.072","10.551","9.692","9.28","8.268","9.419","8.42","7.578","7.251","7.071","6.755","8.538","11.58","12.792","12.329","11.936","13.697"
British Virgin Islands,"VGB","Unemployment, total (% of total labor force) (modeled ILO estimate)","SL.UEM.TOTL.ZS","NA","NA","NA","NA","NA","NA","NA","NA","NA","NA","NA","NA","NA","NA","NA","NA","NA","NA","NA","NA","NA"
Brunei Darussalam,"BRN","Unemployment, total (% of total labor force) (modeled ILO estimate)","SL.UEM.TOTL.ZS","5.53","5.558","5.652","5.743","5.847","5.973","6.061","6.187","6.312","6.457","6.487","6.506","6.571","6.709","6.862","7.703","8.537","9.316","8.7","6.6","7.409"
Bulgaria,"BGR","Unemployment, total (% of total labor force) (modeled ILO estimate)","SL.UEM.TOTL.ZS","16.218","19.921","18.11","13.733","12.037","10.083","8.951","6.878","5.609","6.817","10.279","11.26","12.27","12.941","11.424","9.143","7.575","6.164","5.211","4.148","5.037"
Burkina Faso,"BFA","Unemployment, total (% of total labor force) (modeled ILO estimate)","SL.UEM.TOTL.ZS","2.687","2.748","2.862","2.78","3.48","4","3.67","3.3","3.501","3.723","3.725","3.827","3.849","4.054","4.255","4.472","4.598","4.662","4.695","4.493","4.59"
Burundi,"BDI","Unemployment, total (% of total labor force) (modeled ILO estimate)","SL.UEM.TOTL.ZS","3.137","3.154","3.168","3.145","3.177","3.162","3.185","2.404","1.634","1.622","1.615","1.602","1.593","1.584","1.572","1.449","1.352","1.25","1.147","1.043","1.03"
Cabo Verde,"CPV","Unemployment, total (% of total labor force) (modeled ILO estimate)","SL.UEM.TOTL.ZS","13.024","13.242","13.379","13.604","13.456","13.439","13.378","13.294","13.307","13.517","10.67","10.956","11.145","11.398","11.689","11.923","12.085","12.24","12.17","12.123","14.65"
Cambodia,"KHM","Unemployment, total (% of total labor force) (modeled ILO estimate)","SL.UEM.TOTL.ZS","0.745","0.778","0.862","0.909","1.004","1.061","1.16","1.257","0.825","0.579","0.771","0.577","0.505","0.438","0.692","0.393","0.716","0.141","0.129","0.119","0.172"
Cameroon,"CMR","Unemployment, total (% of total labor force) (modeled ILO estimate)","SL.UEM.TOTL.ZS","7.533","7.46","6.711","5.908","5.087","4.4","3.729","3.063","3.386","3.743","4.11","3.988","3.836","3.686","3.534","3.518","3.529","3.573","3.608","3.632","3.881"
Canada,"CAN","Unemployment, total (% of total labor force) (modeled ILO estimate)","SL.UEM.TOTL.ZS","6.829","7.219","7.665","7.574","7.185","6.758","6.484","6.156","6.284","8.46","8.178","7.637","7.392","7.143","7.023","6.945","7.038","6.426","5.837","5.69","9.657"
Cayman Islands,"CYM","Unemployment, total (% of total labor force) (modeled ILO estimate)","SL.UEM.TOTL.ZS","NA","NA","NA","NA","NA","NA","NA","NA","NA","NA","NA","NA","NA","NA","NA","NA","NA","NA","NA","NA","NA"
Central African Republic,"CAF","Unemployment, total (% of total labor force) (modeled ILO estimate)","SL.UEM.TOTL.ZS","5.722","5.77","5.809","5.809","5.729","5.691","5.61","5.562","5.51","5.575","5.658","5.638","5.58","5.566","5.633","5.775","5.793","5.836","5.825","5.916","6.519"
Chad,"TCD","Unemployment, total (% of total labor force) (modeled ILO estimate)","SL.UEM.TOTL.ZS","0.796","0.792","0.769","0.725","0.672","0.663","0.716","0.839","0.922","0.943","0.911","0.92","0.886","0.955","0.984","1.032","1.091","1.132","1.135","1.077","1.695"
Channel Islands,"CHI","Unemployment, total (% of total labor force) (modeled ILO estimate)","SL.UEM.TOTL.ZS","5.351","5.041","5.313","5.644","5.848","5.833","5.571","5.23","5.295","6.674","7.024","7.244","8.028","8.572","8.319","7.928","7.469","6.881","6.344","6.185","6.633"
Chile,"CHL","Unemployment, total (% of total labor force) (modeled ILO estimate)","SL.UEM.TOTL.ZS","10.491","10.39","10.168","9.765","10.162","9.34","9.024","8.427","9.285","11.313","8.547","7.492","6.79","6.361","6.761","6.605","6.926","7.257","7.623","7.493","10.934"
China,"CHN","Unemployment, total (% of total labor force) (modeled ILO estimate)","SL.UEM.TOTL.ZS","3.26","3.8","4.24","4.58","4.49","4.52","4.43","4.35","4.59","4.72","4.53","4.55","4.58","4.6","4.63","4.65","4.56","4.47","4.31","4.56","5"
Colombia,"COL","Unemployment, total (% of total labor force) (modeled ILO estimate)","SL.UEM.TOTL.ZS","20.52","15.04","14.481","13.221","13.717","11.062","11.088","11.204","11.273","12.066","11.153","10.288","9.959","9.246","8.799","8.572","8.922","9.086","9.36","10.28","15.983"
Comoros,"COM","Unemployment, total (% of total labor force) (modeled ILO estimate)","SL.UEM.TOTL.ZS","4.4","4.379","4.372","4.559","4.571","4.527","4.482","4.474","4.416","4.303","4.19","4.12","4.091","3.98","3.984","4.031","4.117","4.049","3.975","3.926","4.468"
"Congo, Dem. Rep.","COD","Unemployment, total (% of total labor force) (modeled ILO estimate)","SL.UEM.TOTL.ZS","3.245","3.251","3.179","3.057","2.976","2.948","3.174","3.404","3.627","3.882","4.098","4.317","4.485","4.469","4.436","4.441","4.528","4.613","4.632","4.605","5.355"
"Congo, Rep.","COG","Unemployment, total (% of total labor force) (modeled ILO estimate)","SL.UEM.TOTL.ZS","19.872","19.88","19.644","19.877","19.896","19.796","19.563","19.909","19.962","19.844","19.3","19.435","19.491","19.845","19.696","20.02","20.298","20.737","20.84","20.494","22.286"
Costa Rica,"CRI","Unemployment, total (% of total labor force) (modeled ILO estimate)","SL.UEM.TOTL.ZS","5.08","6.051","6.396","6.654","6.445","6.749","5.926","4.557","4.934","7.824","7.171","9.518","9.11","8.218","8.499","8.415","8.085","7.729","9.01","10.807","16.432"
Cote d'Ivoire,"CIV","Unemployment, total (% of total labor force) (modeled ILO estimate)","SL.UEM.TOTL.ZS","4.835","5.195","5.508","5.847","5.915","6.023","6.017","6.284","6.382","6.573","6.607","7.144","7.223","4.255","3.274","2.573","1.896","3.272","2.852","2.401","2.588"
Croatia,"HRV","Unemployment, total (% of total labor force) (modeled ILO estimate)","SL.UEM.TOTL.ZS","16.064","15.822","15.053","13.924","13.664","12.598","11.13","9.909","8.53","9.202","11.62","13.678","16.046","17.231","17.209","16.15","13.015","11.078","8.322","6.551","7.389"
Cuba,"CUB","Unemployment, total (% of total labor force) (modeled ILO estimate)","SL.UEM.TOTL.ZS","5.45","4.08","3.31","2.33","1.854","1.95","1.913","1.788","1.583","1.67","2.5","3.18","3.46","3.29","2.7","2.4","2","1.7","1.7","1.705","2.233"
Curacao,"CUW","Unemployment, total (% of total labor force) (modeled ILO estimate)","SL.UEM.TOTL.ZS","NA","NA","NA","NA","NA","NA","NA","NA","NA","NA","NA","NA","NA","NA","NA","NA","NA","NA","NA","NA","NA"
Cyprus,"CYP","Unemployment, total (% of total labor force) (modeled ILO estimate)","SL.UEM.TOTL.ZS","4.766","4.043","3.336","4.153","4.77","5.481","4.593","3.946","3.756","5.594","6.359","7.942","12.097","16.131","16.277","15.026","13.006","11.155","8.504","7.155","7.755"
Czechia,"CZE","Unemployment, total (% of total labor force) (modeled ILO estimate)","SL.UEM.TOTL.ZS","8.764","8.128","7.28","7.777","8.298","7.927","7.141","5.316","4.392","6.662","7.281","6.712","6.979","6.953","6.108","5.048","3.952","2.893","2.246","2.015","2.55"
Denmark,"DNK","Unemployment, total (% of total labor force) (modeled ILO estimate)","SL.UEM.TOTL.ZS","4.476","4.164","4.274","5.398","5.204","4.83","3.897","3.801","3.683","6.409","7.746","7.769","7.798","7.384","6.925","6.278","5.989","5.833","5.131","5.018","5.644"
Djibouti,"DJI","Unemployment, total (% of total labor force) (modeled ILO estimate)","SL.UEM.TOTL.ZS","26.664","26.597","26.589","26.484","26.441","26.448","26.382","26.292","26.183","26.325","26.368","26.31","26.179","26.149","26.16","26.063","25.982","26.064","26.18","26.257","27.701"
Dominica,"DMA","Unemployment, total (% of total labor force) (modeled ILO estimate)","SL.UEM.TOTL.ZS","NA","NA","NA","NA","NA","NA","NA","NA","NA","NA","NA","NA","NA","NA","NA","NA","NA","NA","NA","NA","NA"
Dominican Republic,"DOM","Unemployment, total (% of total labor force) (modeled ILO estimate)","SL.UEM.TOTL.ZS","6.432","7.262","6.779","6.938","6.303","6.587","5.654","5.158","4.764","5.467","5.212","6.087","6.722","7.351","6.719","7.605","7.284","5.832","5.861","6.356","6.126"
Ecuador,"ECU","Unemployment, total (% of total labor force) (modeled ILO estimate)","SL.UEM.TOTL.ZS","4.8","4.252","4.825","5.662","5.002","3.779","3.55","3.142","3.917","4.608","4.088","3.458","3.235","3.083","3.48","3.616","4.597","3.836","3.53","3.812","6.116"
"Egypt, Arab Rep.","EGY","Unemployment, total (% of total labor force) (modeled ILO estimate)","SL.UEM.TOTL.ZS","8.98","9.26","10.01","10.91","10.32","11.049","10.49","8.8","8.517","9.087","8.757","11.849","12.597","13.154","13.105","13.052","12.45","11.767","9.855","7.851","7.974"
El Salvador,"SLV","Unemployment, total (% of total labor force) (modeled ILO estimate)","SL.UEM.TOTL.ZS","6.96","6.96","6.2","6.9","6.8","7.22","6.57","6.41","5.88","7.33","4.893","4.297","3.843","3.693","4.154","3.998","4.418","4.385","4.006","4.17","5.008"
Equatorial Guinea,"GNQ","Unemployment, total (% of total labor force) (modeled ILO estimate)","SL.UEM.TOTL.ZS","7.444","7.551","7.646","7.701","7.658","7.667","7.612","7.592","7.571","7.702","7.847","7.837","7.761","7.675","7.669","7.778","7.798","7.843","7.818","7.917","8.625"
Eritrea,"ERI","Unemployment, total (% of total labor force) (modeled ILO estimate)","SL.UEM.TOTL.ZS","5.656","5.74","5.794","5.79","5.704","5.721","5.707","5.719","5.683","5.757","5.854","5.801","5.692","5.624","5.637","5.751","5.772","5.804","5.756","5.812","6.375"
Estonia,"EST","Unemployment, total (% of total labor force) (modeled ILO estimate)","SL.UEM.TOTL.ZS","13.36","13.134","10.026","11.288","10.248","8.033","5.915","4.592","5.455","13.548","16.707","12.328","10.021","8.631","7.352","6.412","6.882","5.807","5.412","4.514","6.956"
Eswatini,"SWZ","Unemployment, total (% of total labor force) (modeled ILO estimate)","SL.UEM.TOTL.ZS","24.547","25.24","25.771","26.259","26.716","27.221","27.693","28.24","27.891","27.488","26.856","26.105","25.226","24.556","23.931","23.431","22.718","24.543","26.471","28.222","32.978"
Ethiopia,"ETH","Unemployment, total (% of total labor force) (modeled ILO estimate)","SL.UEM.TOTL.ZS","3.499","3.16","3.054","3.008","2.776","2.497","2.337","2.337","2.326","2.326","2.295","2.27","2.252","2.251","2.361","2.442","2.556","2.665","2.811","2.928","3.998"
Faroe Islands,"FRO","Unemployment, total (% of total labor force) (modeled ILO estimate)","SL.UEM.TOTL.ZS","NA","NA","NA","NA","NA","NA","NA","NA","NA","NA","NA","NA","NA","NA","NA","NA","NA","NA","NA","NA","NA"
Fiji,"FJI","Unemployment, total (% of total labor force) (modeled ILO estimate)","SL.UEM.TOTL.ZS","4.697","4.692","4.772","4.74","4.7","3.886","3.957","4.109","4.187","4.309","4.345","4.406","4.375","4.356","4.323","4.288","4.319","4.418","4.523","4.661","5.054"
Finland,"FIN","Unemployment, total (% of total labor force) (modeled ILO estimate)","SL.UEM.TOTL.ZS","11.134","10.29","10.423","10.469","10.358","9.602","8.935","6.854","6.369","8.249","8.394","7.781","7.689","8.193","8.663","9.376","8.818","8.64","7.361","6.695","7.759"
France,"FRA","Unemployment, total (% of total labor force) (modeled ILO estimate)","SL.UEM.TOTL.ZS","10.218","8.61","8.702","8.306","8.914","8.882","8.832","8.008","7.386","9.122","9.279","9.228","9.841","9.913","10.273","10.354","10.057","9.409","9.018","8.415","8.009"
French Polynesia,"PYF","Unemployment, total (% of total labor force) (modeled ILO estimate)","SL.UEM.TOTL.ZS","11.583","11.665","11.71","11.751","11.702","11.722","11.768","11.74","11.76","11.963","12.133","12.257","12.134","12.027","11.894","11.794","11.727","11.595","11.599","11.591","12.963"
Gabon,"GAB","Unemployment, total (% of total labor force) (modeled ILO estimate)","SL.UEM.TOTL.ZS","17.848","17.827","17.376","17.126","17.108","16.91","17.805","18.257","19.212","19.76","20.39","19.895","19.661","19.736","19.873","19.943","20.117","20.307","20.459","20.371","21.279"
"Gambia, The","GMB","Unemployment, total (% of total labor force) (modeled ILO estimate)","SL.UEM.TOTL.ZS","9.722","9.64","10.039","9.991","9.948","9.92","10.241","10.425","10.065","9.778","9.673","10.276","10.346","9.454","8.191","7.226","6.244","5.097","4.055","4.481","5.84"
Georgia,"GEO","Unemployment, total (% of total labor force) (modeled ILO estimate)","SL.UEM.TOTL.ZS","10.82","11.16","12.59","11.51","12.62","13.81","13.57","13.28","17.87","20.71","20.203","19.632","19.653","19.416","17.439","16.506","16.604","13.939","12.667","11.565","11.734"
Germany,"DEU","Unemployment, total (% of total labor force) (modeled ILO estimate)","SL.UEM.TOTL.ZS","7.917","7.773","8.482","9.779","10.727","11.193","10.277","8.732","7.508","7.88","7.043","5.967","5.372","5.316","4.979","4.612","4.104","3.781","3.384","3.163","3.881"
Ghana,"GHA","Unemployment, total (% of total labor force) (modeled ILO estimate)","SL.UEM.TOTL.ZS","10.456","9.615","8.711","7.728","6.758","5.816","4.897","5.104","5.144","5.362","5.384","4.213","3.126","2.173","4.403","6.806","5.256","3.369","3.204","3.067","3.178"
Gibraltar,"GIB","Unemployment, total (% of total labor force) (modeled ILO estimate)","SL.UEM.TOTL.ZS","NA","NA","NA","NA","NA","NA","NA","NA","NA","NA","NA","NA","NA","NA","NA","NA","NA","NA","NA","NA","NA"
Greece,"GRC","Unemployment, total (% of total labor force) (modeled ILO estimate)","SL.UEM.TOTL.ZS","11.345","10.764","10.346","9.839","10.628","10.074","8.906","8.351","7.664","9.546","12.719","17.973","24.731","27.686","26.708","24.981","23.514","21.413","19.179","17.045","15.899"
Greenland,"GRL","Unemployment, total (% of total labor force) (modeled ILO estimate)","SL.UEM.TOTL.ZS","NA","NA","NA","NA","NA","NA","NA","NA","NA","NA","NA","NA","NA","NA","NA","NA","NA","NA","NA","NA","NA"
Grenada,"GRD","Unemployment, total (% of total labor force) (modeled ILO estimate)","SL.UEM.TOTL.ZS","NA","NA","NA","NA","NA","NA","NA","NA","NA","NA","NA","NA","NA","NA","NA","NA","NA","NA","NA","NA","NA"
Guam,"GUM","Unemployment, total (% of total labor force) (modeled ILO estimate)","SL.UEM.TOTL.ZS","15.32","13.213","11.39","9.693","7.7","7","7.4","8.3","8.892","9.3","8.2","13.3","12.2","11.5","7.6","6.9","5.4","5.418","5.45","5.405","6.241"
Guatemala,"GTM","Unemployment, total (% of total labor force) (modeled ILO estimate)","SL.UEM.TOTL.ZS","2.143","2.251","2.254","2.807","2.971","3.059","2.96","2.847","2.898","3.22","3.497","3.169","2.765","3.017","2.717","2.506","2.583","2.462","2.283","2.193","2.965"
Guinea,"GIN","Unemployment, total (% of total labor force) (modeled ILO estimate)","SL.UEM.TOTL.ZS","4.586","4.584","4.549","4.628","4.709","4.814","4.863","4.787","4.803","4.914","5.018","5.024","4.874","4.944","5.044","5.15","4.997","4.86","4.835","5.018","6.007"
Guinea-Bissau,"GNB","Unemployment, total (% of total labor force) (modeled ILO estimate)","SL.UEM.TOTL.ZS","3.358","2.958","3.146","3.169","3.226","3.184","3.143","3.125","3.157","3.163","3.121","3.072","3.135","3.173","3.285","3.168","3.139","3.089","3.127","2.413","2.887"
Guyana,"GUY","Unemployment, total (% of total labor force) (modeled ILO estimate)","SL.UEM.TOTL.ZS","11.917","11.796","11.81","11.529","11.281","11.085","10.7","10.84","11.018","11.307","11.632","11.811","12.029","12.296","12.637","13.009","13.263","13.466","13.627","13.172","15.308"
Haiti,"HTI","Unemployment, total (% of total labor force) (modeled ILO estimate)","SL.UEM.TOTL.ZS","8.443","9.728","11.008","12.151","13.415","14.559","15.866","16.8","16.204","15.398","15.244","14.506","14.1","13.704","13.808","13.785","13.902","13.932","13.934","14.095","15.573"
Honduras,"HND","Unemployment, total (% of total labor force) (modeled ILO estimate)","SL.UEM.TOTL.ZS","3.883","4","4.02","5.3","5.99","4.909","3.574","3.211","3.156","3.292","4.119","4.474","3.755","5.646","7.078","6.147","6.727","5.528","5.648","5.698","10.982"
"Hong Kong SAR, China","HKG","Unemployment, total (% of total labor force) (modeled ILO estimate)","SL.UEM.TOTL.ZS","4.92","5.09","7.28","7.86","6.74","5.58","4.77","4.01","3.56","5.26","4.329","3.422","3.285","3.4","3.296","3.314","3.392","3.124","2.805","2.917","5.808"
Hungary,"HUN","Unemployment, total (% of total labor force) (modeled ILO estimate)","SL.UEM.TOTL.ZS","6.563","5.671","5.608","5.79","5.832","7.189","7.494","7.406","7.817","10.03","11.172","11.029","11.003","10.177","7.725","6.813","5.115","4.156","3.667","3.411","4.248"
Iceland,"ISL","Unemployment, total (% of total labor force) (modeled ILO estimate)","SL.UEM.TOTL.ZS","1.936","1.874","2.988","3.997","4.031","2.547","2.83","2.251","2.946","7.22","7.564","7.028","6","5.376","4.897","3.979","2.978","2.742","2.704","3.507","5.478"
India,"IND","Unemployment, total (% of total labor force) (modeled ILO estimate)","SL.UEM.TOTL.ZS","7.589","7.611","7.681","7.633","7.598","7.551","7.553","7.562","7.629","7.636","7.631","7.609","7.645","7.678","7.656","7.629","7.611","7.626","7.652","6.51","7.859"
Indonesia,"IDN","Unemployment, total (% of total labor force) (modeled ILO estimate)","SL.UEM.TOTL.ZS","6.077","6.082","6.604","6.657","7.303","7.945","7.551","8.06","7.208","6.106","5.614","5.153","4.468","4.336","4.049","4.514","4.301","3.783","4.387","3.59","4.255"
"Iran, Islamic Rep.","IRN","Unemployment, total (% of total labor force) (modeled ILO estimate)","SL.UEM.TOTL.ZS","11.698","12.362","12.8","11.529","10.3","11.813","11.519","10.772","10.63","12.113","13.679","12.491","12.275","10.595","10.68","11.166","12.618","12.232","12.195","10.74","9.687"
Iraq,"IRQ","Unemployment, total (% of total labor force) (modeled ILO estimate)","SL.UEM.TOTL.ZS","8.038","8.249","8.619","8.959","8.715","8.57","8.411","8.646","8.466","8.415","8.267","8.193","7.965","9.222","10.59","10.865","10.82","13.02","13.458","14.096","15.766"
Ireland,"IRL","Unemployment, total (% of total labor force) (modeled ILO estimate)","SL.UEM.TOTL.ZS","4.318","3.684","4.216","4.478","4.491","4.237","4.355","4.98","6.774","12.609","14.534","15.354","15.451","13.735","11.858","9.908","8.374","6.713","5.741","4.95","5.623"
Isle of Man,"IMN","Unemployment, total (% of total labor force) (modeled ILO estimate)","SL.UEM.TOTL.ZS","NA","NA","NA","NA","NA","NA","NA","NA","NA","NA","NA","NA","NA","NA","NA","NA","NA","NA","NA","NA","NA"
Israel,"ISR","Unemployment, total (% of total labor force) (modeled ILO estimate)","SL.UEM.TOTL.ZS","11.102","11.812","12.888","13.505","13.029","11.342","10.707","9.379","7.704","9.534","8.48","7.139","6.762","6.137","5.789","5.176","4.723","4.14","3.917","3.731","4.169"
Italy,"ITA","Unemployment, total (% of total labor force) (modeled ILO estimate)","SL.UEM.TOTL.ZS","10.834","9.599","9.211","8.869","7.866","7.73","6.777","6.076","6.723","7.749","8.363","8.359","10.655","12.149","12.683","11.896","11.688","11.211","10.538","9.884","9.192"
Jamaica,"JAM","Unemployment, total (% of total labor force) (modeled ILO estimate)","SL.UEM.TOTL.ZS","6.752","6.641","6.616","6.534","6.539","6.577","6.605","6.607","6.666","7.314","7.63","8.034","8.695","9.698","9.046","8.825","8.634","7.399","5.47","4.987","6.501"
Japan,"JPN","Unemployment, total (% of total labor force) (modeled ILO estimate)","SL.UEM.TOTL.ZS","4.748","5.02","5.386","5.251","4.734","4.446","4.192","3.888","4.002","5.068","5.102","4.55","4.358","4.038","3.589","3.385","3.132","2.822","2.467","2.351","2.809"
Jordan,"JOR","Unemployment, total (% of total labor force) (modeled ILO estimate)","SL.UEM.TOTL.ZS","13.7","14.7","15.3","14.5","14.626","14.8","14","13.1","12.7","12.9","12.5","12.9","12.2","12.6","11.9","13.075","15.275","18.12","18.257","16.801","19.213"
Kazakhstan,"KAZ","Unemployment, total (% of total labor force) (modeled ILO estimate)","SL.UEM.TOTL.ZS","12.75","10.43","9.33","8.78","8.4","8.13","7.79","7.26","6.63","6.55","5.77","5.39","5.29","5.2","5.06","4.93","4.96","4.9","4.85","4.8","4.89"
Kenya,"KEN","Unemployment, total (% of total labor force) (modeled ILO estimate)","SL.UEM.TOTL.ZS","2.884","2.876","2.916","2.869","2.844","2.739","2.673","2.642","2.751","2.816","2.793","2.699","2.678","2.762","2.767","2.762","2.757","3.542","4.284","5.014","5.613"
Kiribati,"KIR","Unemployment, total (% of total labor force) (modeled ILO estimate)","SL.UEM.TOTL.ZS","NA","NA","NA","NA","NA","NA","NA","NA","NA","NA","NA","NA","NA","NA","NA","NA","NA","NA","NA","NA","NA"
"Korea, Dem. People's Rep.","PRK","Unemployment, total (% of total labor force) (modeled ILO estimate)","SL.UEM.TOTL.ZS","3.653","3.676","3.644","3.668","3.62","3.576","3.55","3.547","3.48","3.48","3.419","3.516","3.542","3.567","3.509","3.523","3.574","3.498","3.409","3.439","3.624"
"Korea, Rep.","KOR","Unemployment, total (% of total labor force) (modeled ILO estimate)","SL.UEM.TOTL.ZS","4.063","3.699","3.046","3.348","3.42","3.482","3.254","3.013","2.959","3.363","3.324","2.992","2.812","3.067","3.082","3.546","3.65","3.653","3.824","3.746","3.931"
Kosovo,"XKX","Unemployment, total (% of total labor force) (modeled ILO estimate)","SL.UEM.TOTL.ZS","NA","NA","NA","NA","NA","NA","NA","NA","NA","NA","NA","NA","NA","NA","NA","NA","NA","NA","NA","NA","NA"
Kuwait,"KWT","Unemployment, total (% of total labor force) (modeled ILO estimate)","SL.UEM.TOTL.ZS","0.8","0.8","1.1","1.3","1.7","1.455","1.3","1.5","1.75","1.64","1.82","2.051","2.227","2.465","2.9","2.2","2.16","2.23","2.202","2.213","3.489"
Kyrgyz Republic,"KGZ","Unemployment, total (% of total labor force) (modeled ILO estimate)","SL.UEM.TOTL.ZS","2.143","2.273","2.416","2.548","2.68","2.816","2.962","3.094","3.207","3.343","3.503","3.644","3.786","3.881","4.02","4.138","4.294","4.425","4.559","5.45","5.945"
Lao PDR,"LAO","Unemployment, total (% of total labor force) (modeled ILO estimate)","SL.UEM.TOTL.ZS","2.045","1.881","1.775","1.639","1.498","1.35","1.199","1.068","0.944","0.835","0.708","0.96","1.208","1.469","1.733","2.006","2.634","3.268","2.897","2.531","2.349"
Latvia,"LVA","Unemployment, total (% of total labor force) (modeled ILO estimate)","SL.UEM.TOTL.ZS","14.211","13.821","13.829","12.061","11.708","10.033","7.03","6.052","7.739","17.515","19.482","16.206","15.047","11.867","10.846","9.873","9.643","8.715","7.412","6.312","8.098"
Lebanon,"LBN","Unemployment, total (% of total labor force) (modeled ILO estimate)","SL.UEM.TOTL.ZS","8.641","8.499","8.248","8.061","7.85","8.249","8.679","8.98","7.666","6.355","6.768","7.352","7.952","8.477","8.84","9.312","9.794","10.258","10.755","11.301","13.252"
Lesotho,"LSO","Unemployment, total (% of total labor force) (modeled ILO estimate)","SL.UEM.TOTL.ZS","16.169","16.081","16.079","16.056","16.154","16.031","16.054","15.942","15.851","16.115","16.068","16.115","15.761","15.926","16.066","16.223","16.138","16.379","16.614","16.876","18.385"
Liberia,"LBR","Unemployment, total (% of total labor force) (modeled ILO estimate)","SL.UEM.TOTL.ZS","2.018","2.104","2.222","2.42","2.424","2.413","2.28","2.232","2.221","2.241","2.266","2.211","2.146","2.08","2.079","2.557","3.081","3.067","3.058","3.071","4.102"
Libya,"LBY","Unemployment, total (% of total labor force) (modeled ILO estimate)","SL.UEM.TOTL.ZS","19.275","19.239","19.281","19.074","18.938","18.66","18.805","18.771","19.041","19.29","19.321","19.504","19.03","19.311","19.295","19.69","19.559","19.053","18.865","19.087","19.651"
Liechtenstein,"LIE","Unemployment, total (% of total labor force) (modeled ILO estimate)","SL.UEM.TOTL.ZS","NA","NA","NA","NA","NA","NA","NA","NA","NA","NA","NA","NA","NA","NA","NA","NA","NA","NA","NA","NA","NA"
Lithuania,"LTU","Unemployment, total (% of total labor force) (modeled ILO estimate)","SL.UEM.TOTL.ZS","15.931","16.84","13.008","12.874","10.684","8.325","5.78","4.25","5.826","13.785","17.814","15.39","13.365","11.77","10.698","9.12","7.862","7.073","6.147","6.255","8.487"
Luxembourg,"LUX","Unemployment, total (% of total labor force) (modeled ILO estimate)","SL.UEM.TOTL.ZS","2.345","1.805","2.621","3.675","5.113","4.488","4.731","4.065","5.06","5.194","4.423","5.122","5.03","6.045","6.044","6.796","6.669","5.523","5.589","5.592","6.766"
"Macao SAR, China","MAC","Unemployment, total (% of total labor force) (modeled ILO estimate)","SL.UEM.TOTL.ZS","6.874","6.371","6.278","5.995","4.904","4.158","3.822","3.269","2.999","3.58","2.84","2.56","1.97","1.82","1.67","1.81","1.939","1.981","1.803","1.73","2.542"
Madagascar,"MDG","Unemployment, total (% of total labor force) (modeled ILO estimate)","SL.UEM.TOTL.ZS","5.8","5.35","5.515","5.01","3.951","2.62","2.945","3.202","3.431","3.885","4.28","2.516","0.599","0.995","1.385","1.785","1.949","2.123","2.303","2.479","3.292"
Malawi,"MWI","Unemployment, total (% of total labor force) (modeled ILO estimate)","SL.UEM.TOTL.ZS","5.045","5.221","5.248","5.165","4.964","4.935","4.954","4.876","4.796","4.732","4.78","4.829","4.949","4.978","4.967","4.953","5.011","5.046","5.021","4.964","5.72"
Malaysia,"MYS","Unemployment, total (% of total labor force) (modeled ILO estimate)","SL.UEM.TOTL.ZS","3","3.53","3.48","3.61","3.54","3.53","3.32","3.31","3.34","3.62","3.32","3.05","3.04","3.14","2.88","3.1","3.44","3.41","3.3","3.33","4.54"
Maldives,"MDV","Unemployment, total (% of total labor force) (modeled ILO estimate)","SL.UEM.TOTL.ZS","1.97","3.038","4.094","5.126","6.151","7.313","8.345","9.421","10.361","11.697","10.875","10.043","9.134","8.295","7.461","6.611","5.771","5.377","4.962","4.562","5.42"
Mali,"MLI","Unemployment, total (% of total labor force) (modeled ILO estimate)","SL.UEM.TOTL.ZS","1.412","1.332","1.36","1.272","1.413","1.367","1.395","1.372","1.383","1.406","1.375","1.403","1.462","1.517","1.476","1.404","1.367","1.498","1.62","3.29","3.528"
Malta,"MLT","Unemployment, total (% of total labor force) (modeled ILO estimate)","SL.UEM.TOTL.ZS","6.324","7.107","6.902","7.488","7.317","6.923","6.798","6.472","5.977","6.896","6.861","6.388","6.203","6.115","5.737","5.389","4.694","4.008","3.956","4.08","4.856"
Marshall Islands,"MHL","Unemployment, total (% of total labor force) (modeled ILO estimate)","SL.UEM.TOTL.ZS","NA","NA","NA","NA","NA","NA","NA","NA","NA","NA","NA","NA","NA","NA","NA","NA","NA","NA","NA","NA","NA"
Mauritania,"MRT","Unemployment, total (% of total labor force) (modeled ILO estimate)","SL.UEM.TOTL.ZS","10.03","10.132","10.201","9.911","9.77","9.59","9.313","9.482","9.715","10.214","10.093","9.976","9.864","9.926","10.026","10.104","10.287","10.336","10.411","10.416","11.051"
Mauritius,"MUS","Unemployment, total (% of total labor force) (modeled ILO estimate)","SL.UEM.TOTL.ZS","9.125","9.14","8.205","8.318","8.337","9.524","9.04","8.475","7.17","7.257","7.654","7.447","7.472","7.322","7.467","7.41","6.814","6.752","6.426","6.331","8.626"
Mexico,"MEX","Unemployment, total (% of total labor force) (modeled ILO estimate)","SL.UEM.TOTL.ZS","2.646","2.627","3.003","3.455","3.937","3.558","3.566","3.628","3.874","5.356","5.303","5.175","4.892","4.921","4.819","4.311","3.853","3.419","3.275","3.477","4.44"
"Micronesia, Fed. Sts.","FSM","Unemployment, total (% of total labor force) (modeled ILO estimate)","SL.UEM.TOTL.ZS","NA","NA","NA","NA","NA","NA","NA","NA","NA","NA","NA","NA","NA","NA","NA","NA","NA","NA","NA","NA","NA"
Moldova,"MDA","Unemployment, total (% of total labor force) (modeled ILO estimate)","SL.UEM.TOTL.ZS","8.539","7.366","6.845","6.378","6.374","5.633","4.26","2.749","2.097","3.024","2.972","2.677","2.189","1.894","1.45","1.781","1.591","1.622","1.239","1.502","1.206"
Monaco,"MCO","Unemployment, total (% of total labor force) (modeled ILO estimate)","SL.UEM.TOTL.ZS","NA","NA","NA","NA","NA","NA","NA","NA","NA","NA","NA","NA","NA","NA","NA","NA","NA","NA","NA","NA","NA"
Mongolia,"MNG","Unemployment, total (% of total labor force) (modeled ILO estimate)","SL.UEM.TOTL.ZS","5.992","6.111","6.2","6.768","6.851","7.015","7.193","7.2","5.565","5.86","6.549","4.769","3.905","4.231","4.798","4.861","7.235","6.359","5.377","9.024","6.413"
Montenegro,"MNE","Unemployment, total (% of total labor force) (modeled ILO estimate)","SL.UEM.TOTL.ZS","30.447","30.542","30.356","30.39","30.342","30.31","24.815","19.4","17.15","19.09","19.649","19.759","19.808","19.585","18.054","17.555","17.732","16.082","15.19","15.128","17.878"
Morocco,"MAR","Unemployment, total (% of total labor force) (modeled ILO estimate)","SL.UEM.TOTL.ZS","13.58","12.46","11.59","11.92","10.83","11.01","9.67","9.56","9.57","8.96","9.09","8.91","8.99","9.23","9.7","9.46","9.3","9.22","9.272","9.191","11.189"
Mozambique,"MOZ","Unemployment, total (% of total labor force) (modeled ILO estimate)","SL.UEM.TOTL.ZS","2.832","2.838","2.902","2.857","2.953","3.035","3.037","3.082","3.112","3.207","3.259","3.295","3.304","3.345","3.377","3.426","3.65","3.935","4.21","4.462","5.019"
Myanmar,"MMR","Unemployment, total (% of total labor force) (modeled ILO estimate)","SL.UEM.TOTL.ZS","0.712","0.689","0.685","0.686","0.677","0.672","0.676","0.684","0.7","0.712","0.725","0.749","0.768","0.775","0.763","0.766","1.058","1.356","0.767","0.407","1.476"
Namibia,"NAM","Unemployment, total (% of total labor force) (modeled ILO estimate)","SL.UEM.TOTL.ZS","20.3","21.009","21.538","22.104","22.09","22.108","21.848","22.12","22.005","22.271","22.12","19.481","16.771","19.028","18.521","20.791","23.352","21.748","19.877","19.929","21.003"
Nauru,"NRU","Unemployment, total (% of total labor force) (modeled ILO estimate)","SL.UEM.TOTL.ZS","NA","NA","NA","NA","NA","NA","NA","NA","NA","NA","NA","NA","NA","NA","NA","NA","NA","NA","NA","NA","NA"
Nepal,"NPL","Unemployment, total (% of total labor force) (modeled ILO estimate)","SL.UEM.TOTL.ZS","10.531","10.502","10.593","10.644","10.652","10.59","10.609","10.642","10.597","10.582","10.563","10.627","10.632","10.666","10.62","10.643","10.714","10.66","10.593","10.477","13.037"
Netherlands,"NLD","Unemployment, total (% of total labor force) (modeled ILO estimate)","SL.UEM.TOTL.ZS","2.725","2.119","2.554","3.593","4.646","5.872","5.007","4.153","3.658","4.352","4.991","4.977","5.821","7.241","7.419","6.872","6.007","4.837","3.832","3.379","3.82"
New Caledonia,"NCL","Unemployment, total (% of total labor force) (modeled ILO estimate)","SL.UEM.TOTL.ZS","17.907","17.391","17.045","16.665","16.31","15.778","15.256","14.754","14.36","13.97","13.998","13.988","14.116","14.39","14.59","13.621","12.679","11.676","11.702","10.88","13.558"
New Zealand,"NZL","Unemployment, total (% of total labor force) (modeled ILO estimate)","SL.UEM.TOTL.ZS","6.13","5.433","5.282","4.745","4.005","3.807","3.857","3.661","4.167","6.121","6.557","6.491","6.931","5.839","5.428","5.415","5.147","4.736","4.335","4.109","4.595"
Nicaragua,"NIC","Unemployment, total (% of total labor force) (modeled ILO estimate)","SL.UEM.TOTL.ZS","7.181","7.222","7.517","7.6","6.41","5.37","5.31","4.89","6.2","8.16","7.83","6.613","5.208","5.28","4.52","4.7","3.9","3.3","5.2","5.457","6.18"
Niger,"NER","Unemployment, total (% of total labor force) (modeled ILO estimate)","SL.UEM.TOTL.ZS","1.427","1.47","1.808","2.145","2.751","3.1","2.528","2.021","1.584","1.208","0.718","0.316","2.177","1.401","0.524","0.556","0.55","0.556","0.536","0.531","0.591"
Nigeria,"NGA","Unemployment, total (% of total labor force) (modeled ILO estimate)","SL.UEM.TOTL.ZS","3.953","3.9","3.669","3.637","3.59","3.727","3.749","3.794","3.792","3.763","3.744","3.77","3.761","3.711","3.9","4.134","4.499","4.83","5.069","5.206","5.714"
North Macedonia,"MKD","Unemployment, total (% of total labor force) (modeled ILO estimate)","SL.UEM.TOTL.ZS","32.2","30.52","31.94","36.69","37.161","37.32","36.392","35.231","33.93","32.351","33.135","31.502","31.096","29.017","28.215","26.395","24.312","22.857","21.208","17.414","16.575"
Northern Mariana Islands,"MNP","Unemployment, total (% of total labor force) (modeled ILO estimate)","SL.UEM.TOTL.ZS","NA","NA","NA","NA","NA","NA","NA","NA","NA","NA","NA","NA","NA","NA","NA","NA","NA","NA","NA","NA","NA"
Norway,"NOR","Unemployment, total (% of total labor force) (modeled ILO estimate)","SL.UEM.TOTL.ZS","3.458","3.738","4.022","4.221","4.256","4.381","3.397","2.493","2.521","3.1","3.527","3.196","3.129","3.425","3.486","4.296","4.68","4.164","3.801","3.684","4.424"
Oman,"OMN","Unemployment, total (% of total labor force) (modeled ILO estimate)","SL.UEM.TOTL.ZS","4.433","4.298","4.335","4.599","4.693","4.589","4.387","4.309","4.142","3.977","3.911","3.95","3.753","3.553","3.453","3.403","3.266","2.523","1.8","2.045","2.94"
Pakistan,"PAK","Unemployment, total (% of total labor force) (modeled ILO estimate)","SL.UEM.TOTL.ZS","0.614","0.611","0.615","0.612","0.598","0.583","0.582","0.398","0.423","0.535","0.653","0.796","3.667","2.954","1.827","3.566","2.285","3.204","4.083","4.83","5.994"
Palau,"PLW","Unemployment, total (% of total labor force) (modeled ILO estimate)","SL.UEM.TOTL.ZS","NA","NA","NA","NA","NA","NA","NA","NA","NA","NA","NA","NA","NA","NA","NA","NA","NA","NA","NA","NA","NA"
Panama,"PAN","Unemployment, total (% of total labor force) (modeled ILO estimate)","SL.UEM.TOTL.ZS","6.188","6.293","6.302","6.303","6.097","5.967","5.792","5.665","5.639","5.857","5.845","4.03","3.691","3.674","4.391","4.335","4.717","5.338","5.161","6.256","14.663"
Papua New Guinea,"PNG","Unemployment, total (% of total labor force) (modeled ILO estimate)","SL.UEM.TOTL.ZS","2.92","2.801","2.756","2.628","2.526","2.385","2.285","2.169","2.168","2.089","2.002","2.62","2.634","2.698","2.54","2.507","2.478","2.58","2.65","2.651","2.903"
Paraguay,"PRY","Unemployment, total (% of total labor force) (modeled ILO estimate)","SL.UEM.TOTL.ZS","7.61","6.206","9.393","6.814","6.513","4.825","5.277","4.713","4.415","5.46","4.569","4.67","4.085","4.385","5.034","4.556","5.255","6.138","6.217","6.595","7.548"
Peru,"PER","Unemployment, total (% of total labor force) (modeled ILO estimate)","SL.UEM.TOTL.ZS","4.959","5.068","4.84","4.15","4.71","4.87","4.17","4.08","4.03","3.96","3.6","3.477","3.238","3.575","3.208","3.272","3.741","3.691","3.492","3.379","7.179"
Philippines,"PHL","Unemployment, total (% of total labor force) (modeled ILO estimate)","SL.UEM.TOTL.ZS","3.77","3.698","3.616","3.527","3.554","3.795","4.052","3.434","3.72","3.858","3.605","3.592","3.504","3.497","3.6","3.068","2.695","2.552","2.338","2.237","2.522"
Poland,"POL","Unemployment, total (% of total labor force) (modeled ILO estimate)","SL.UEM.TOTL.ZS","14.928","18.435","20.211","19.899","18.822","17.592","13.794","9.551","7.069","8.131","9.578","9.576","10.031","10.293","8.971","7.475","6.141","4.867","3.835","3.267","3.155"
Portugal,"PRT","Unemployment, total (% of total labor force) (modeled ILO estimate)","SL.UEM.TOTL.ZS","3.806","3.829","4.497","6.132","6.319","7.582","7.649","7.965","7.553","9.432","10.771","12.715","15.509","16.237","13.88","12.405","11.058","8.878","6.966","6.422","6.85"
Puerto Rico (US),"PRI","Unemployment, total (% of total labor force) (modeled ILO estimate)","SL.UEM.TOTL.ZS","10.08","11.4","11.94","11.78","10.31","11.35","11.01","10.93","11.48","15","16.1","15.7","14.5","14.3","13.9","12","11.8","10.8","9.2","8.3","8.89"
Qatar,"QAT","Unemployment, total (% of total labor force) (modeled ILO estimate)","SL.UEM.TOTL.ZS","0.87","0.87","0.87","0.87","0.87","0.87","0.87","0.52","0.31","0.31","0.45","0.56","0.48","0.28","0.2","0.17","0.15","0.14","0.11","0.1","0.14"
Romania,"ROU","Unemployment, total (% of total labor force) (modeled ILO estimate)","SL.UEM.TOTL.ZS","6.969","6.561","8.112","6.95","7.719","7.174","7.27","6.413","5.787","6.859","6.959","7.177","6.794","7.096","6.802","6.812","5.901","4.927","4.187","3.912","5.035"
Russian Federation,"RUS","Unemployment, total (% of total labor force) (modeled ILO estimate)","SL.UEM.TOTL.ZS","10.581","8.978","7.875","8.21","7.763","7.124","7.055","6.002","6.205","8.301","7.407","6.571","5.484","5.513","5.212","5.615","5.591","5.238","4.871","4.513","5.62"
Rwanda,"RWA","Unemployment, total (% of total labor force) (modeled ILO estimate)","SL.UEM.TOTL.ZS","11.699","11.732","11.432","11.658","11.699","11.842","11.586","11.58","11.517","11.625","11.637","11.756","11.671","11.768","11.837","11.831","11.788","11.875","10.759","11.236","11.829"
Samoa,"WSM","Unemployment, total (% of total labor force) (modeled ILO estimate)","SL.UEM.TOTL.ZS","4.733","4.96","4.975","5.038","5.162","5.212","5.321","5.425","5.538","5.646","5.621","5.68","8.752","8.772","8.72","8.901","9.063","9.4","8.649","7.858","7.467"
San Marino,"SMR","Unemployment, total (% of total labor force) (modeled ILO estimate)","SL.UEM.TOTL.ZS","NA","NA","NA","NA","NA","NA","NA","NA","NA","NA","NA","NA","NA","NA","NA","NA","NA","NA","NA","NA","NA"
Sao Tome and Principe,"STP","Unemployment, total (% of total labor force) (modeled ILO estimate)","SL.UEM.TOTL.ZS","14.4","15.73","17.63","16.36","16.12","16.47","16.65","16.021","15.421","15.136","14.628","14.229","13.59","12.476","11.428","10.591","9.684","8.808","8.712","8.835","9.679"
Saudi Arabia,"SAU","Unemployment, total (% of total labor force) (modeled ILO estimate)","SL.UEM.TOTL.ZS","4.57","4.618","5.265","5.563","5.822","6.051","6.254","5.734","5.085","5.377","5.55","5.77","5.622","5.6","5.877","5.6","5.6","5.89","6.029","5.636","7.66"
Senegal,"SEN","Unemployment, total (% of total labor force) (modeled ILO estimate)","SL.UEM.TOTL.ZS","2.638","2.674","2.82","2.781","2.775","2.679","2.755","2.8","2.816","2.807","2.795","2.853","3.896","5.012","5.849","6.757","4.455","4.078","3.453","2.863","3.432"
Serbia,"SRB","Unemployment, total (% of total labor force) (modeled ILO estimate)","SL.UEM.TOTL.ZS","12.6","12.8","13.8","15.2","18.5","20.85","20.85","18.06","13.67","16.116","19.204","22.959","24","22.154","19.223","17.66","15.257","13.477","12.733","10.395","9.011"
Seychelles,"SYC","Unemployment, total (% of total labor force) (modeled ILO estimate)","SL.UEM.TOTL.ZS","NA","NA","NA","NA","NA","NA","NA","NA","NA","NA","NA","NA","NA","NA","NA","NA","NA","NA","NA","NA","NA"
Sierra Leone,"SLE","Unemployment, total (% of total labor force) (modeled ILO estimate)","SL.UEM.TOTL.ZS","4.137","4.235","3.909","3.879","3.42","3.734","3.89","4.022","4.132","4.268","4.34","4.388","4.378","4.376","4.678","4.483","4.182","3.656","3.192","3.204","3.509"
Singapore,"SGP","Unemployment, total (% of total labor force) (modeled ILO estimate)","SL.UEM.TOTL.ZS","3.7","3.76","5.65","5.93","5.84","5.59","4.48","3.9","3.96","5.86","4.12","3.89","3.72","3.86","3.74","3.79","4.08","4.2","3.613","3.1","4.1"
Sint Maarten (Dutch part),"SXM","Unemployment, total (% of total labor force) (modeled ILO estimate)","SL.UEM.TOTL.ZS","NA","NA","NA","NA","NA","NA","NA","NA","NA","NA","NA","NA","NA","NA","NA","NA","NA","NA","NA","NA","NA"
Slovak Republic,"SVK","Unemployment, total (% of total labor force) (modeled ILO estimate)","SL.UEM.TOTL.ZS","18.546","19.148","18.541","17.549","18.206","16.276","13.395","11.16","9.514","12.023","14.387","13.634","13.966","14.226","11.536","11.492","9.679","8.142","6.544","5.761","6.719"
Slovenia,"SVN","Unemployment, total (% of total labor force) (modeled ILO estimate)","SL.UEM.TOTL.ZS","6.918","5.682","5.922","6.479","6.012","6.506","5.95","4.818","4.371","5.858","7.236","8.166","8.841","10.103","9.668","8.962","8","6.564","5.108","4.446","4.971"
Solomon Islands,"SLB","Unemployment, total (% of total labor force) (modeled ILO estimate)","SL.UEM.TOTL.ZS","2.446","2.642","2.698","2.286","2.026","1.879","1.916","1.978","1.998","2.02","1.617","1.292","0.984","0.694","0.73","0.736","0.736","0.727","0.722","0.746","0.868"
"Somalia, Fed. Rep.","SOM","Unemployment, total (% of total labor force) (modeled ILO estimate)","SL.UEM.TOTL.ZS","18.678","18.665","18.658","18.648","18.653","18.671","18.705","18.687","18.714","18.724","18.741","18.761","18.771","18.655","18.595","18.495","18.611","18.455","18.7","18.828","19.414"
South Africa,"ZAF","Unemployment, total (% of total labor force) (modeled ILO estimate)","SL.UEM.TOTL.ZS","22.788","22.652","22.579","22.679","22.567","22.472","22.304","22.26","22.407","23.523","24.683","24.639","24.727","24.561","24.89","25.149","26.536","27.035","26.906","28.468","29.217"
South Sudan,"SSD","Unemployment, total (% of total labor force) (modeled ILO estimate)","SL.UEM.TOTL.ZS","12.309","12.278","12.235","12.234","12.256","12.266","12.268","12.266","12.298","12.438","12.473","12.585","12.803","12.665","12.561","12.464","12.854","12.983","12.853","12.656","14.246"
Spain,"ESP","Unemployment, total (% of total labor force) (modeled ILO estimate)","SL.UEM.TOTL.ZS","13.785","10.348","11.146","11.283","11.09","9.146","8.452","8.232","11.254","17.857","19.86","21.39","24.789","26.094","24.441","22.057","19.635","17.224","15.255","14.104","15.532"
Sri Lanka,"LKA","Unemployment, total (% of total labor force) (modeled ILO estimate)","SL.UEM.TOTL.ZS","7.74","7.9","8.76","8.22","8.38","7.67","6.5","5.97","5.22","5.85","4.784","4.118","3.88","4.186","4.157","4.519","4.242","4.046","4.318","4.67","5.364"
St. Kitts and Nevis,"KNA","Unemployment, total (% of total labor force) (modeled ILO estimate)","SL.UEM.TOTL.ZS","NA","NA","NA","NA","NA","NA","NA","NA","NA","NA","NA","NA","NA","NA","NA","NA","NA","NA","NA","NA","NA"
St. Lucia,"LCA","Unemployment, total (% of total labor force) (modeled ILO estimate)","SL.UEM.TOTL.ZS","16.49","18.538","20.39","22.18","20.97","18.7","16","14","12.72","15.37","17.118","18.86","19.06","22.21","21.583","20.84","19.932","19.136","19.329","15.613","25.224"
St. Martin (French part),"MAF","Unemployment, total (% of total labor force) (modeled ILO estimate)","SL.UEM.TOTL.ZS","NA","NA","NA","NA","NA","NA","NA","NA","NA","NA","NA","NA","NA","NA","NA","NA","NA","NA","NA","NA","NA"
St. Vincent and the Grenadines,"VCT","Unemployment, total (% of total labor force) (modeled ILO estimate)","SL.UEM.TOTL.ZS","20.8","21.1","20.623","19.985","19.545","19.461","19.162","18.934","18.79","19.365","19.924","20.006","19.833","19.356","19.237","19.135","19.029","19.024","19.005","19.248","20.635"
Sudan,"SDN","Unemployment, total (% of total labor force) (modeled ILO estimate)","SL.UEM.TOTL.ZS","15.595","15.56","15.514","15.515","15.538","15.545","15.542","15.534","15.566","13","15.168","17.44","16.973","16.273","15.41","14.39","13.656","13","12.347","11.697","11.995"
Suriname,"SUR","Unemployment, total (% of total labor force) (modeled ILO estimate)","SL.UEM.TOTL.ZS","12.873","12.047","11.187","10.336","9.49","9.302","9.142","9.017","8.854","8.72","7.15","7.54","8.1","6.6","6.94","7.22","7.917","7.905","7.817","7.755","8.973"
Sweden,"SWE","Unemployment, total (% of total labor force) (modeled ILO estimate)","SL.UEM.TOTL.ZS","5.466","4.73","4.965","5.555","6.693","7.81","7.066","6.161","6.235","8.351","8.61","7.804","7.976","8.052","7.954","7.432","6.99","6.718","6.365","6.833","8.291"
Switzerland,"CHE","Unemployment, total (% of total labor force) (modeled ILO estimate)","SL.UEM.TOTL.ZS","2.658","2.49","2.924","4.117","4.316","4.437","3.995","3.641","3.35","4.109","4.808","4.409","4.491","4.747","4.826","4.801","4.918","4.797","4.713","4.394","4.817"
Syrian Arab Republic,"SYR","Unemployment, total (% of total labor force) (modeled ILO estimate)","SL.UEM.TOTL.ZS","9.587","11.63","10.94","10.28","9.513","8.81","8.17","8.42","10.94","8.14","8.61","8.626","13.8","14.5","14.782","14.244","13.798","13.603","13.505","13.369","15.179"
Tajikistan,"TJK","Unemployment, total (% of total labor force) (modeled ILO estimate)","SL.UEM.TOTL.ZS","4.15","3.75","3.95","3.85","3.45","3.45","3.65","2.874","4.942","7.028","7.037","7.04","7.022","7.019","7.024","7.033","7.036","7.035","7.028","7.026","7.576"
Tanzania,"TZA","Unemployment, total (% of total labor force) (modeled ILO estimate)","SL.UEM.TOTL.ZS","3.129","2.994","3.023","3.053","3.105","3.193","3.299","3.023","2.775","2.5","3.03","3.47","3.223","2.93","2.125","2.009","1.931","1.854","1.792","1.735","1.792"
Thailand,"THA","Unemployment, total (% of total labor force) (modeled ILO estimate)","SL.UEM.TOTL.ZS","2.389","2.6","1.82","1.54","1.51","1.35","1.22","1.18","1.18","1.49","0.622","0.66","0.58","0.249","0.576","0.597","0.688","0.83","0.765","0.716","1.099"
Timor-Leste,"TLS","Unemployment, total (% of total labor force) (modeled ILO estimate)","SL.UEM.TOTL.ZS","3.529","3.386","3.371","3.54","3.668","3.611","3.634","3.523","3.434","3.289","3.301","3.385","3.47","3.57","3.618","3.678","4.657","4.254","3.765","3.148","2.808"
Togo,"TGO","Unemployment, total (% of total labor force) (modeled ILO estimate)","SL.UEM.TOTL.ZS","4.162","4.108","4.087","3.957","3.992","4.149","4.229","3.822","3.279","2.847","2.379","1.982","2.029","2.084","2.141","2.204","2.968","3.744","2.9","2.036","2.231"
Tonga,"TON","Unemployment, total (% of total labor force) (modeled ILO estimate)","SL.UEM.TOTL.ZS","3.966","4.368","4.683","5.18","3.878","2.542","1.09","1.21","1.279","1.419","1.501","1.594","1.638","1.75","1.914","2.022","2.048","2.137","2.248","2.165","2.712"
Trinidad and Tobago,"TTO","Unemployment, total (% of total labor force) (modeled ILO estimate)","SL.UEM.TOTL.ZS","12.1","10.88","10.39","10.48","8.33","7.95","6.27","5.54","4.63","5.28","4.033","3.425","3.718","2.683","2.477","2.428","3.207","3.389","3.497","3.523","4.206"
Tunisia,"TUN","Unemployment, total (% of total labor force) (modeled ILO estimate)","SL.UEM.TOTL.ZS","14.94","14.4","14.55","14.51","14.23","12.872","12.51","12.365","12.444","13.29","13.049","18.334","17.63","15.934","14.259","15.159","15.557","15.33","15.459","17.153","17.651"
Turkiye,"TUR","Unemployment, total (% of total labor force) (modeled ILO estimate)","SL.UEM.TOTL.ZS","6.495","8.381","10.358","10.542","10.838","10.636","10.227","10.285","10.965","14.026","11.879","9.789","9.21","9.713","9.901","10.304","10.899","10.919","10.956","13.73","13.148"
Turkmenistan,"TKM","Unemployment, total (% of total labor force) (modeled ILO estimate)","SL.UEM.TOTL.ZS","11.73","10.898","10.141","9.289","8.419","7.495","6.601","5.719","4.852","4","4","4.003","3.994","3.993","4.005","4.016","4.026","4.035","4.036","4.035","4.489"
Turks and Caicos Islands,"TCA","Unemployment, total (% of total labor force) (modeled ILO estimate)","SL.UEM.TOTL.ZS","NA","NA","NA","NA","NA","NA","NA","NA","NA","NA","NA","NA","NA","NA","NA","NA","NA","NA","NA","NA","NA"
Tuvalu,"TUV","Unemployment, total (% of total labor force) (modeled ILO estimate)","SL.UEM.TOTL.ZS","NA","NA","NA","NA","NA","NA","NA","NA","NA","NA","NA","NA","NA","NA","NA","NA","NA","NA","NA","NA","NA"
Uganda,"UGA","Unemployment, total (% of total labor force) (modeled ILO estimate)","SL.UEM.TOTL.ZS","3.531","3.522","3.5","3.6","2.699","1.9","2.264","2.667","3.035","3.6","3.623","3.523","3.551","1.91","2.357","2.681","3.002","3.428","3.249","3.057","3.819"
Ukraine,"UKR","Unemployment, total (% of total labor force) (modeled ILO estimate)","SL.UEM.TOTL.ZS","11.707","11.061","10.136","9.057","8.59","7.18","6.81","6.351","6.363","8.84","8.1","7.851","7.529","7.17","9.27","9.14","9.35","9.5","8.799","8.194","9.475"
United Arab Emirates,"ARE","Unemployment, total (% of total labor force) (modeled ILO estimate)","SL.UEM.TOTL.ZS","2.25","2.443","2.659","2.903","2.965","3.12","2.964","2.934","2.818","2.932","2.798","2.587","2.323","2.125","1.999","1.793","1.64","2.462","2.236","2.331","4.294"
United Kingdom,"GBR","Unemployment, total (% of total labor force) (modeled ILO estimate)","SL.UEM.TOTL.ZS","5.558","4.696","5.037","4.807","4.594","4.884","5.472","5.399","5.748","7.683","7.973","8.195","8.279","7.752","6.398","5.552","4.909","4.501","4.145","3.657","4.472"
United States,"USA","Unemployment, total (% of total labor force) (modeled ILO estimate)","SL.UEM.TOTL.ZS","3.992","4.731","5.783","5.989","5.529","5.084","4.623","4.622","5.784","9.254","9.633","8.949","8.069","7.375","6.168","5.28","4.869","4.355","3.896","3.669","8.055"
Uruguay,"URY","Unemployment, total (% of total labor force) (modeled ILO estimate)","SL.UEM.TOTL.ZS","12.627","15.052","16.648","16.661","12.98","12.009","10.844","9.403","8.025","7.74","7.158","6.307","6.451","6.444","6.547","7.488","7.841","7.89","8.336","8.836","10.413"
Uzbekistan,"UZB","Unemployment, total (% of total labor force) (modeled ILO estimate)","SL.UEM.TOTL.ZS","12.301","11.279","10.256","9.22","8.152","7.092","6.035","4.99","4.89","5.04","5.36","4.96","4.87","4.86","5.09","5.15","5.16","5.83","5.392","4.936","5.293"
Vanuatu,"VUT","Unemployment, total (% of total labor force) (modeled ILO estimate)","SL.UEM.TOTL.ZS","8.266","8.415","8.598","8.659","8.432","8.121","8.006","6.855","5.663","4.565","4.681","4.811","4.936","5.038","5.137","5.168","5.197","5.247","5.353","5.444","4.046"
"Venezuela, RB","VEN","Unemployment, total (% of total labor force) (modeled ILO estimate)","SL.UEM.TOTL.ZS","13.99","13.04","16.17","16.78","15.07","10.663","8.606","7.279","6.245","6.097","7.112","6.902","6.601","7.54","6.821","6.139","5.319","5.045","5.468","5.89","7.53"
Viet Nam,"VNM","Unemployment, total (% of total labor force) (modeled ILO estimate)","SL.UEM.TOTL.ZS","2.26","2.76","2.12","2.25","2.14","2.078","2.046","2.026","1.889","1.737","1.114","0.999","1.027","1.316","1.256","1.848","1.848","1.874","1.161","1.681","2.103"
Virgin Islands (U.S.),"VIR","Unemployment, total (% of total labor force) (modeled ILO estimate)","SL.UEM.TOTL.ZS","9.834","9.969","10.227","10.574","10.266","10.228","9.734","9.523","9.605","10.864","11.059","11.337","11.387","11.802","11.871","11.649","11.734","11.445","11.703","11.774","14.366"
West Bank and Gaza,"PSE","Unemployment, total (% of total labor force) (modeled ILO estimate)","SL.UEM.TOTL.ZS","10.625","21.493","27.465","23.004","23.215","20.016","19.014","18.282","22.913","20.452","21.416","17.597","19.202","19.894","20.526","23.005","23.939","25.677","26.256","25.34","25.895"
"Yemen, Rep.","YEM","Unemployment, total (% of total labor force) (modeled ILO estimate)","SL.UEM.TOTL.ZS","11.557","11.724","11.839","12.014","12.131","12.213","12.349","12.486","12.656","12.762","12.777","13.311","13.473","13.673","13.467","17.9","18.42","18.611","17.593","17.213","17.963"
Zambia,"ZMB","Unemployment, total (% of total labor force) (modeled ILO estimate)","SL.UEM.TOTL.ZS","12.93","13.404","14.131","14.704","15.332","15.9","13.229","10.559","7.93","10.583","13.19","10.548","7.85","7.272","6.576","5.951","5.244","4.529","5.032","5.538","6.032"
Zimbabwe,"ZWE","Unemployment, total (% of total labor force) (modeled ILO estimate)","SL.UEM.TOTL.ZS","5.685","5.313","5.005","4.738","4.39","4.632","4.767","5.008","5.401","5.476","5.469","5.368","5.057","4.948","4.774","5.399","5.896","6.35","6.788","7.373","8.617"
,"","","","","","","","","","","","","","","","","","","","","","","",""
,"","","","","","","","","","","","","","","","","","","","","","","",""
,"","","","","","","","","","","","","","","","","","","","","","","",""
Data from database: World Development Indicators,"","","","","","","","","","","","","","","","","","","","","","","",""
Last Updated: 04/08/2026,"","","","","","","","","","","","","","","","","","","","","","","",""
